customer_id,customer_name,region
100000,Paula Moreno,West
100001,Fred Smith,Southeast
100002,Sherry Decker,Southwest
100003,Anthony Humphrey,Southwest
100004,Angelica Tucker,Midwest
100005,Philip Cannon,Southeast
100006,John Pierce,West
100007,Shane Henderson,Northeast
100008,Joshua Blair,Northeast
100009,Eric Carney,Northeast
100010,Jessica Holmes,Southwest
100011,Danny Morgan,West
100012,Crystal Robinson,West
100013,Mark Perez,Southwest
100014,Shannon Jones,Midwest
100015,Michael Lewis,West
100016,Timothy Duncan,Northeast
100017,Richard Aguirre,Northeast
100018,Brent Jordan,West
100019,John Daniel,Midwest
100020,Victoria Garcia,West
100021,Gerald Hensley,West
100022,Connor West,West
100023,Donald Wright,West
100024,Jessica Callahan,West
100025,Amber Kidd,Southeast
100026,Tracy House,Northeast
100027,Carol Tucker,Midwest
100028,James Brown,Northeast
100029,William Baker,Midwest
100030,Jordan Henderson,Southwest
100031,Whitney Peters,Southeast
100032,Brittney Phillips,Northeast
100033,Lauren Daniels,Southeast
100034,Amy Silva,Southeast
100035,Sarah Moore,West
100036,Angela Lopez,West
100037,Megan Young,Southwest
100038,Steve Sanchez,West
100039,Lisa Barnes,Midwest
100040,Kelly Donovan,Southwest
100041,Mike Allen,Ne
100042,Michael Evans,Northeast
100043,Paul Jones,Northeast
100044,Zachary Ferrell,West
100045,Daniel Baker,Midwest
100046,Shirley Suarez,Northeast
100047,Christopher Bass,Midwest
100048,Lisa Archer,Northeast
100049,Aimee Montoya,West
100050,Matthew Mcmillan,Midwest
100051,Brian Rodriguez,Midwest
100052,Denise Jacobs,Southeast
100053,Christina Walters,West
100054,John Whitehead,Southeast
100055,Anna Henderson,Northeast
100056,Aaron Wise,Northeast
100057,Deborah Figueroa,International
100058,Jessica Smith,International
100059,Stephen Mckee,West
100060,Sandra Aguilar,Southeast
100061,Cameron Parker,International
100062,Rebecca Valencia,Southwest
100063,Christine Wright,West
100064,Richard Henson,Midwest
100065,Marc Moore,Southeast
100066,Sharon Cherry,Northeast
100067,Sierra Johnson,International
100068,Evelyn Galvan,Midwest
100069,Sharon Cochran,Northeast
100070,Richard Rodriguez,Southeast
100071,Shannon Walker,West
100072,Julia Torres,Northeast
100073,Crystal Johnson,Southwest
100074,Garrett Lin,West
100075,Diana May,West
100076,William Herrera,Midwest
100077,Ashley Waller,West
100078,Victor Baker,West
100079,Jeffrey Chandler,West
100080,Larry Dixon,Northeast
100081,Kenneth Scott,Midwest
100082,April Frost,Northeast
100083,Michelle Harmon,Midwest
100084,Helen Jones,Southeast
100085,Erin Edwards,Northeast
100086,Michelle Evans,Northeast
100087,Jason Powell,West
100088,Cameron Fisher,Northeast
100089,Megan Orr,International
100090,Elizabeth Kelley,West
100091,Dustin Jordan,Southeast
100092,Mary Marshall,West
100093,Daniel Kennedy,Northeast
100094,Rebecca Jackson,International
100095,Jose Schultz,Midwest
100096,Robert Potter,Southwest
100097,Courtney Gonzalez,Northeast
100098,David Alvarez,Midwest
100099,Angel Perry,Midwest
100100,Cheyenne Horton,International
100101,David Douglas Jr.,West
100102,Patricia Rodriguez,Midwest
100103,Christopher Rubio,Southeast
100104,Amber Wright,Southeast
100105,Joyce Solis,Midwest
100106,Victoria Larson,Midwest
100107,Stephanie Salazar,Northeast
100108,Kathy Rivas,Southwest
100109,Stephanie Manning,Southwest
100110,David Wright,Northeast
100111,Pamela Boyd,West
100112,Denise Jones,Northeast
100113,Devon Flores,West
100114,Brenda Hall,Southeast
100115,Michelle Brown,West
100116,Joshua Perry,West
100117,Jason Stein,West
100118,Melissa Gates,Northeast
100119,Jamie Smith,International
100120,Paul Castaneda,Southeast
100121,Jennifer Adkins,Northeast
100122,Lindsey Walker,West
100123,Jeffrey Johnson,Southeast
100124,Michael Powell,Southwest
100125,John Anderson,Southwest
100126,Alyssa Long,Southeast
100127,Alyssa Day,International
100128,Joel Williams,Southeast
100129,Daniel Murphy,Midwest
100130,Jamie Walton,Southeast
100131,Darlene Miller,International
100132,Joshua Cooke,Northeast
100133,Matthew Harrington,Northeast
100134,Nicole Herring,Midwest
100135,Alex Hernandez,International
100136,Michael Elliott,Southwest
100137,Michael Wang,West
100138,Lawrence Adkins,Southwest
100139,Robert Oconnell,Southwest
100140,Alexander Collins,Midwest
100141,Tina Sanders,Southeast
100142,Angela Vaughn,Southwest
100143,Ashley Barton,West
100144,Lindsay Martinez,Southeast
100145,Dr. Hannah Patterson,Northeast
100146,Jonathan Peterson,West
100147,Samantha Garcia,Southeast
100148,Madison Poole,International
100149,Jessica Gross,Southeast
100150,Debra Morton,Northeast
100151,Karen Graham,Southwest
100152,Debra Christian,Northeast
100153,Angelica Keith,Northeast
100154,John Bishop,West
100155,Allen Rosales,Southwest
100156,Daniel Salinas,Northeast
100157,Spencer Haynes,Southeast
100158,Adam Vaughan,Southwest
100159,Nathan Freeman,International
100160,Melissa Brewer,Midwest
100161,Ricky Davis II,Northeast
100162,Elizabeth Perkins,Northeast
100163,Joseph Coleman,Southeast
100164,Erin Warner,Northeast
100165,David Martinez,West
100166,Bryan Herrera,Northeast
100167,Cathy Robinson,Midwest
100168,Dr. William Warren,West
100169,Brian Lee,West
100170,Christopher Smith,Northeast
100171,Denise Mccann,Southwest
100172,Melissa Martinez,West
100173,Katherine Salas,West
100174,Julie Alexander,Northeast
100175,Anthony Everett,Northeast
100176,Rodney Morales,International
100177,Mark Brown,Midwest
100178,Justin Torres,Southeast
100179,Bailey Duran DDS,Midwest
100180,Courtney Mills,West
100181,Jeremy Dalton,International
100182,Elizabeth Oliver DDS,Southeast
100183,Theresa Clark,International
100184,Matthew Moore,Northeast
100185,Benjamin Smith,West
100186,Kirk Carter,West
100187,Michael Warner,Northeast
100188,Michael Bradshaw,Northeast
100189,Lori Guerrero,Midwest
100190,Jessica Stephens,International
100191,Susan Serrano,West
100192,Christopher Parker,International
100193,Laura Roberts,Southwest
100194,Michael Lyons,Midwest
100195,Kathryn Snyder,Southwest
100196,Andrew Reynolds,Northeast
100197,David Davis,Northeast
100198,Sara Johnston,Southwest
100199,Yvonne Chambers,Southwest
100200,Andrew Avila,Southeast
100201,Matthew Moon,West
100202,Kevin Walters,West
100203,Brandon Bailey MD,Southwest
100204,Shannon Rivera,West
100205,Donna Landry,Midwest
100206,Krista Gibson,Southeast
100207,Frank Cordova,Midwest
100208,Jose Travis,West
100209,Kimberly Gutierrez,Southwest
100210,Isaiah Avila,Midwest
100211,Olivia Harris,Southeast
100212,Tanya Kim,Southeast
100213,Barbara Dudley,West
100214,Cynthia Moore,Southwest
100215,Kristen Davis,Northeast
100216,Susan Murray MD,Northeast
100217,Kathleen Moran,West
100218,Denise Davenport,Northeast
100219,Mrs. Kristen Reyes,Southwest
100220,Katie Suarez,Southeast
100221,Desiree Tyler,Northeast
100222,Timothy Romero,International
100223,Diane Evans,Northeast
100224,Yvonne Burns,Southeast
100225,Joshua Reed,Northeast
100226,Kimberly Gibson,Northeast
100227,Colin Terry,Northeast
100228,Cynthia Rowe,Northeast
100229,Patrick Thornton,Northeast
100230,Jasmin Alvarado,Northeast
100231,Veronica Simpson,West
100232,Jonathan Lawrence,West
100233,Shelly Alexander,Midwest
100234,Joyce Bowen,Southeast
100235,Matthew Moore,Midwest
100236,Wayne Morgan,Southwest
100237,Marie Christian,Southwest
100238,Shannon James,Northeast
100239,Nathan Malone,Northeast
100240,Amanda Jones,Southeast
100241,Tammie Bright,Se
100242,Jessica Garcia,West
100243,Shelia Wallace,Midwest
100244,Stephanie Williams,Northeast
100245,Elaine Brooks,Southeast
100246,Joseph Knight,Midwest
100247,Carolyn Miller,Northeast
100248,Lisa Allen,Southwest
100249,Briana Murray,Northeast
100250,David Smith,International
100251,Stephanie Byrd,Northeast
100252,Jeremy Reed,Southwest
100253,Margaret Coleman,International
100254,Ryan Gonzalez,International
100255,John Young,Southwest
100256,Laura Haney,Southwest
100257,William Barrett,West
100258,Keith Jennings,Southwest
100259,Amber Obrien,Northeast
100260,Tanner Mitchell DDS,West
100261,Heather Fields,Midwest
100262,Megan Le,Southwest
100263,Sara Fuller,Midwest
100264,Maria Parker,Midwest
100265,Kevin Oconnor,West
100266,Edward Burgess,Southeast
100267,Carlos Ryan,Northeast
100268,Kiara Mcintyre,Midwest
100269,Dawn Summers,Midwest
100270,Dr. Paul Morgan,Southeast
100271,Victor Taylor,Southeast
100272,Shannon Ramsey,Southeast
100273,Tracy Ballard,Southeast
100274,Richard Smith,Southeast
100275,Jordan Chambers,West
100276,Lauren Carson,Southeast
100277,Ashley Hall,International
100278,Stephen Hoffman,International
100279,Connie Brown,Midwest
100280,Susan Turner,Southeast
100281,Charles Shah,West
100282,Johnathan Davis,Southwest
100283,Brandy Chavez,West
100284,Natalie Bautista,Southwest
100285,Patrick Moore,West
100286,Brett Burns,West
100287,Trevor Johnson,Southeast
100288,Jeremy Sampson,West
100289,Ariana Jennings,Northeast
100290,Vanessa Howard,West
100291,Colton Martinez,Southwest
100292,Jordan Bates,Ne
100293,Linda Smith,West
100294,Dana Martinez,Northeast
100295,Andrea Hubbard,West
100296,Daniel Kane,Northeast
100297,Charles Lester,International
100298,Scott Thomas,Northeast
100299,David Thompson,International
100300,Allison Smith,Southwest
100301,Cynthia Morris,West
100302,Anthony Harmon,Southwest
100303,Nichole Alvarez,Southwest
100304,Kayla Rodriguez,International
100305,Theresa Williams,Southeast
100306,Sharon Boyd,West
100307,Victor Brown,Northeast
100308,James Parks,West
100309,Theodore Jones Jr.,Northeast
100310,Ana Hill,West
100311,Kimberly Nguyen,West
100312,Kerry Chavez DDS,Midwest
100313,Michael Farrell,Midwest
100314,Patricia Le,West
100315,Jesse Perez,Southwest
100316,Jesse Perry,Midwest
100317,Jeffery Ortega,West
100318,Christian Leblanc,International
100319,Ronald Davis,Northeast
100320,Parker Cain,Northeast
100321,Laurie Hoffman,Northeast
100322,Bryan Gomez,West
100323,Nicole Parrish,Midwest
100324,Tracy Burke,Southwest
100325,Kenneth Lewis,West
100326,Courtney Rodriguez,Southeast
100327,Holly Farmer,Southwest
100328,Renee Bruce,West
100329,Sabrina Austin,Southeast
100330,Allison Hickman,Southeast
100331,Debra White,Southeast
100332,Ellen Morgan,Northeast
100333,Sergio Knight,Northeast
100334,Charles Schultz,International
100335,Paul Lewis,Midwest
100336,Glen Wood,Midwest
100337,Paula Bradley,West
100338,Anthony Moore,West
100339,Megan Nelson,International
100340,Karla Ramos,Southwest
100341,Paul Wilson,Midwest
100342,Douglas Gregory,Southeast
100343,Mr. Andrew Foster,International
100344,Aimee Turner,West
100345,Chad Scott,International
100346,Adam Burgess,Northeast
100347,James Padilla,Southwest
100348,Sandra Drake,West
100349,Scott Williams,Northeast
100350,Thomas Atkins,West
100351,Laura Mckinney,West
100352,Brian Smith,Northeast
100353,Robert Montgomery,Midwest
100354,Tamara Davis,Southwest
100355,Dana Chapman,Southeast
100356,Jennifer Collins,Midwest
100357,Gary Jackson,Midwest
100358,Ashley Hicks,Southeast
100359,Hannah Luna,International
100360,Robin Young,Southwest
100361,Craig Morrison,Northeast
100362,Mary Thompson,International
100363,Kathleen Webster,Southwest
100364,Joann Glass,Southeast
100365,Madison Weber,Southwest
100366,Lori Hernandez,Northeast
100367,Jeremy Turner,International
100368,Anthony Romero,West
100369,Jesse Brown,West
100370,Angela Lin,Northeast
100371,Lisa Hunter,Southwest
100372,Julian Conner,Northeast
100373,Joanna Pacheco,Southeast
100374,Erica Alvarez,Northeast
100375,Antonio Garcia,Southwest
100376,Gwendolyn Klein,Northeast
100377,Carrie Wright,International
100378,Jeffrey Mills,West
100379,Jake Campbell,Northeast
100380,George Harper,Northeast
100381,Maria Jones,Northeast
100382,Michael Mitchell,West
100383,Mary Escobar,Southwest
100384,Felicia Aguilar,Southeast
100385,Gregory Ponce,Southwest
100386,Jenna Larson,Northeast
100387,Emily Bennett,Sw
100388,Robin Santiago,International
100389,Nancy Jennings,Southwest
100390,Maria Henderson,West
100391,Jack White,Southwest
100392,Travis Tucker,Northeast
100393,Chad Jones,Northeast
100394,Ashley Wise,Northeast
100395,Sophia Johnson,Midwest
100396,Ralph Anderson,West
100397,Christopher Guerra,West
100398,Rhonda Martin,Southwest
100399,Jason Rhodes,Northeast
100400,Jeremy Mitchell,West
100401,Joann Ferguson,Northeast
100402,Robert Harrison,Southeast
100403,Holly Valentine,West
100404,Mrs. Diane Reyes,International
100405,Tracy Montoya,West
100406,Brenda Wright,Northeast
100407,Shelly Spencer,West
100408,Ryan Rosales,Northeast
100409,Phillip Nelson,Southwest
100410,Brittany Kim,West
100411,Courtney Hayes,Northeast
100412,Alexander Brown,Northeast
100413,Cynthia Vang,Northeast
100414,Alfred Galvan,International
100415,Marie Moody,Midwest
100416,Dustin Gallegos,Southwest
100417,Brenda Thornton,West
100418,Aaron Miller,West
100419,Ruben Dunn,Northeast
100420,Kelsey Rodriguez,International
100421,Eric Williams,Southeast
100422,Riley Bryant,West
100423,Taylor Carlson,West
100424,Jose Allen,West
100425,Jeffrey Mendez,International
100426,Jason Beck,Northeast
100427,William Jones,Midwest
100428,Katie Mcneil,Midwest
100429,Jeanette Harrison,Midwest
100430,Veronica King,Northeast
100431,Richard Cooper,Northeast
100432,Lori Ingram,Southeast
100433,Evelyn Williams,Southeast
100434,Robin Thompson,Midwest
100435,Julie Dominguez,West
100436,Robin Brown,West
100437,Judith Carter,Midwest
100438,Curtis Williams,Midwest
100439,Kaylee Hays,Northeast
100440,Dawn Mullins,West
100441,Howard Norman,Southeast
100442,Evelyn Martinez,Northeast
100443,Steve Paul,Midwest
100444,Jasmine Beltran,Midwest
100445,Jonathan Glass MD,Southeast
100446,Monica Miller,West
100447,Samantha Gardner,West
100448,Bobby Guerrero,West
100449,Lance Simmons,West
100450,Heather Williams,West
100451,Heather Bolton,Southeast
100452,William Gould,Southwest
100453,Mark Cox,West
100454,Meghan Cisneros,Midwest
100455,Lawrence Harrington,West
100456,Austin Osborne,Southeast
100457,James Bradley,Midwest
100458,Meghan Rush,West
100459,Phillip Berry,Southwest
100460,Jennifer Banks,International
100461,Brian Fitzgerald,Midwest
100462,Mr. Justin Green III,Midwest
100463,Zachary Mitchell,Southwest
100464,Katherine Martinez,Southeast
100465,Jodi Roach,Southwest
100466,Brandon Fleming,Midwest
100467,Emma Reed,Northeast
100468,Joshua Vance,Northeast
100469,Michelle Ho,Southwest
100470,Rebecca Hicks,Northeast
100471,Curtis Taylor,Southeast
100472,Allison Spencer,Southeast
100473,Robert Arnold,Northeast
100474,Angelica Parker,Southeast
100475,Dr. Kelly Hammond DVM,West
100476,William Day,Northeast
100477,Michael Cooper,Southwest
100478,Penny Bowman,Southwest
100479,Vincent Reynolds,Southeast
100480,Amy Martinez,Northeast
100481,Christopher Morris,West
100482,Hannah Everett,Northeast
100483,Sarah King,Southeast
100484,Krista Martinez,International
100485,Joseph Shaw,International
100486,Todd Moore,Southwest
100487,Michelle Jacobs,Southeast
100488,Kristy Bryan,West
100489,Angel May,West
100490,Marilyn Wang,Midwest
100491,Mark Jimenez,West
100492,Donna Frye,Northeast
100493,Dr. Michael Evans,Northeast
100494,Anthony Gonzales,Midwest
100495,Mr. Lawrence Edwards,Northeast
100496,Morgan Valencia,Northeast
100497,Bianca Wood,Southwest
100498,Emma Owens,International
100499,David Davis,West
100500,James Gilbert,Southwest
100501,Sean Moore,International
100502,Kenneth Edwards,Northeast
100503,Kathleen Robertson,Midwest
100504,Mr. Alexander Landry MD,Midwest
100505,Cindy Gomez,Ne
100506,Johnny Khan,West
100507,Julie Herrera,Midwest
100508,Jessica Khan,Midwest
100509,Pamela Diaz,Northeast
100510,Kelly Lee,Northeast
100511,Angel Gordon,International
100512,Diana Hays,Northeast
100513,Barbara Hester,Southeast
100514,Robert Morgan,Southeast
100515,Nicole Gonzalez,Midwest
100516,Kathryn Williams,West
100517,Gary Wells,Midwest
100518,Larry Robertson,Northeast
100519,Louis Martin,Southeast
100520,Nancy Evans MD,Southwest
100521,Kim Erickson,West
100522,Robert Richardson,West
100523,Veronica Silva,West
100524,Molly Watts,West
100525,John Coffey,Northeast
100526,Paula Lane,Southeast
100527,Lauren Jackson,West
100528,Lisa Randall,Southeast
100529,Michael Johnson,Southwest
100530,Ashley Smith,Midwest
100531,Christian Vaughn,West
100532,Reginald Knapp,Southwest
100533,Nancy Brown,Midwest
100534,Daniel Nguyen,International
100535,Kelly Edwards,West
100536,Thomas Peterson,Southwest
100537,Raymond Le,Southeast
100538,Melissa Bishop,Midwest
100539,David Grant,West
100540,William Evans,Northeast
100541,Daniel Bush,Midwest
100542,Gregory Peck,International
100543,Denise Martinez,West
100544,Jamie Baird,Northeast
100545,Tina Ballard,Southeast
100546,Dwayne Klein,Northeast
100547,Jeremy Scott,Northeast
100548,Dale Ryan,International
100549,Melissa Taylor,Midwest
100550,Laurie Sanchez,Southeast
100551,Kiara Little,West
100552,Jason Love,Northeast
100553,Randy Smith,Southeast
100554,Tanya Russell,West
100555,Sherry Woods,West
100556,Victor Morris,International
100557,Susan Davis,West
100558,Kimberly Sharp,Midwest
100559,Susan Thompson,West
100560,Casey Gillespie,International
100561,Jennifer Simpson DVM,West
100562,Tammy Mcdowell,International
100563,Keith Rodriguez,Southwest
100564,Mrs. Virginia Daniels,Southwest
100565,Todd Rosales MD,Northeast
100566,Brian Martin,West
100567,David Lopez,Midwest
100568,Rachel Bradley,West
100569,Casey Chase,West
100570,Samantha Robertson,International
100571,Michael Lopez,International
100572,Franklin Wright,Southeast
100573,David Molina,West
100574,Elizabeth Sharp,West
100575,Matthew Schwartz,Southeast
100576,Bryan Parker,Northeast
100577,Jonathan Jacobson,Northeast
100578,Emily Wilson,Southwest
100579,Elizabeth Mendez,Midwest
100580,Casey Hernandez,International
100581,Lisa Perry,Midwest
100582,Kaitlin Medina,International
100583,Colleen Wright,Midwest
100584,Shelley Miller,Southwest
100585,Michael Miller,Northeast
100586,Amy Kelley,West
100587,Laura Hernandez,Sw
100588,Joseph Wilson,International
100589,Kevin Davis,Southwest
100590,Rhonda Chavez,Northeast
100591,Joyce Brown,Southeast
100592,Robert Cummings,Northeast
100593,Robert Reese,Northeast
100594,Amber Cooper,West
100595,Zachary Michael,West
100596,Timothy Johnson,Southwest
100597,Randy Cannon,Southwest
100598,Maria Fisher,West
100599,Janet Kane DVM,Southwest
100600,Michael Stanley,Northeast
100601,Martha Bailey,Southeast
100602,Joshua Rice,West
100603,Courtney Smith,Southwest
100604,Edwin Nunez,Northeast
100605,Kim Morrow,Midwest
100606,Gregory Hill,West
100607,Molly Rodriguez,Northeast
100608,Jennifer Miranda,Midwest
100609,Alexis Harris,Southwest
100610,Andrew Harper,West
100611,Amber Yang,Southeast
100612,David Robinson,Southwest
100613,Amy Gordon,Southeast
100614,Robert Dennis,Southwest
100615,Kyle Chambers,Southeast
100616,Eric Thomas,West
100617,Connie Turner,Midwest
100618,Travis Hobbs,Southeast
100619,Lori Simmons,Southwest
100620,William David DDS,Northeast
100621,Emma Butler,Northeast
100622,James Webster,Southeast
100623,Samuel Turner,West
100624,Renee Melendez,Southwest
100625,Tracy Grant,International
100626,David Harris,Southeast
100627,Tammy Boone,Midwest
100628,Nathaniel Lee,Northeast
100629,Michael Morrison,West
100630,Chelsea Gill,International
100631,Kristin Mendoza,West
100632,Felicia Krueger,West
100633,Timothy Hayden,Midwest
100634,Zachary Mendoza,International
100635,Larry Harris,Midwest
100636,Kristen Rowe,Northeast
100637,Joseph Howard,Southeast
100638,Jose Crawford,Northeast
100639,William Harrison,Northeast
100640,Suzanne Wood,Northeast
100641,Justin Walker,Midwest
100642,Dean Donovan,West
100643,Jennifer Hernandez,Southeast
100644,James Whitaker,Midwest
100645,Mr. Michael Scott PhD,International
100646,Maria Henry,West
100647,Robert Jackson,West
100648,Katherine Stark,Southeast
100649,Maria Brown,Southwest
100650,Ryan Landry,Southeast
100651,Pamela Gutierrez,Southeast
100652,Crystal Mann,International
100653,Jonathan Brooks,Midwest
100654,Mary Jensen,West
100655,Mr. Aaron Arnold,West
100656,Joseph Hill,West
100657,Alicia Li,Southeast
100658,Renee Browning,Southeast
100659,Brent Hernandez,Southeast
100660,Joseph Ochoa,Northeast
100661,James Watson,Southwest
100662,Karl Branch,Southeast
100663,Michael Abbott,West
100664,Shannon Malone,Southwest
100665,James Tran,Southwest
100666,Adam Jackson,Midwest
100667,Mr. Richard Knight PhD,Midwest
100668,Joseph Williams,International
100669,Sean Clay,West
100670,Anthony Jones,Southwest
100671,Stephanie Elliott,International
100672,Timothy Edwards,Southwest
100673,Laurie Goodwin,Ne
100674,Jennifer Jones,West
100675,David Davenport,Northeast
100676,Steven Rivera,West
100677,Brenda Hinton,International
100678,Kathryn Mccann,Midwest
100679,Jeffrey Roberson,Midwest
100680,Randy Friedman,Northeast
100681,Raymond Johnson,International
100682,Willie Henry,Northeast
100683,Todd Reynolds,Northeast
100684,Mary Miller,Southeast
100685,Rebecca Marquez,Northeast
100686,Christian Dawson,Midwest
100687,Nancy Stewart,Midwest
100688,Aaron Parker,Se
100689,Derrick Anderson,Northeast
100690,Jerry Peters,Northeast
100691,Alexander Gomez,Midwest
100692,Kyle Nguyen,Northeast
100693,Edgar Hughes,West
100694,Steven Stein,Northeast
100695,Laura Jackson,Southeast
100696,Charles Turner,Midwest
100697,Arthur Hamilton MD,Midwest
100698,Mr. David Wright,Ne
100699,Linda Gonzalez,Northeast
100700,Eric Rush,Southwest
100701,Manuel Brock,Northeast
100702,George Ochoa,Midwest
100703,Valerie Taylor,Midwest
100704,Travis Harris,Southeast
100705,Vincent Novak,Midwest
100706,Michael Henry,Southwest
100707,Dana Bennett,Southwest
100708,Jenna Wilson,Southeast
100709,Leslie Gardner,Southeast
100710,Krista Benton,Southeast
100711,Michael Gonzales,Midwest
100712,Michael Fuentes,West
100713,Jennifer Porter,Southeast
100714,Dana Hopkins,Southeast
100715,Rachel Jones,International
100716,Karen Morales DDS,Northeast
100717,Melissa Stephens,Midwest
100718,Heather Woodard,West
100719,Margaret Miller,Northeast
100720,Mary Kelly,Northeast
100721,Amanda Terrell,Northeast
100722,Jennifer Goodwin,International
100723,Jessica Smith,Northeast
100724,Jorge Stone,Northeast
100725,Laura Griffin,Northeast
100726,Raymond Chapman,Ne
100727,Haley Johnson,West
100728,Jason Nixon,Southeast
100729,Todd Thomas,West
100730,Jesse Clark,West
100731,Mr. Jeffrey Horton,Southwest
100732,Eric Patrick,Northeast
100733,Samuel Wong,Southwest
100734,Carly Riggs,West
100735,Christopher Moore,Northeast
100736,Tina Hall,Southwest
100737,Cody Davidson,Southwest
100738,Allen Mendez,Southeast
100739,Kevin Price,International
100740,Christine Goodwin,Midwest
100741,Amy Garcia,West
100742,Chelsea Nguyen,International
100743,Dennis Huffman,Southeast
100744,Margaret Harper,Southwest
100745,Laurie Bailey,Southeast
100746,Lisa Cervantes,Southwest
100747,Elizabeth Mendez,West
100748,Cesar Wilson,Northeast
100749,Clayton Steele,Midwest
100750,Jennifer Taylor,Southeast
100751,Cody Reid,Northeast
100752,Maria Cooke,Northeast
100753,Katherine Taylor,Southeast
100754,Jerry Brown,Northeast
100755,Adam Taylor,Northeast
100756,Tracey Wagner,West
100757,Michael Perry PhD,West
100758,Bradley Johnson DDS,West
100759,Donald Medina,Southeast
100760,Jim Newton,Southwest
100761,Krista Wilson,West
100762,Reginald Morrow,Northeast
100763,Rodney Williams,Northeast
100764,Kimberly Fritz,West
100765,Ronald Potter,Northeast
100766,Zachary Cole,Midwest
100767,Robert Gonzales,International
100768,Patricia Young PhD,Northeast
100769,Heather Page,Northeast
100770,Carol Taylor,International
100771,Daniel Brown,West
100772,Douglas Ryan,Northeast
100773,Michael Roberts,Southwest
100774,Scott Duke,Southwest
100775,Anna Estes,West
100776,Tamara Riddle,West
100777,Beth Cline,Southeast
100778,Michael Poole,Northeast
100779,Megan Burns,West
100780,Debra Perry,Southeast
100781,Mark Beard,West
100782,Jose Ramirez,Southwest
100783,Jackie Clements,Northeast
100784,Aaron Schroeder,West
100785,Monica Ellis,Southeast
100786,Heather Brown,Southwest
100787,Claudia Jordan,Southeast
100788,Derrick Clayton,West
100789,Kenneth Knight,West
100790,Mr. Michael Williams,Midwest
100791,Richard Stevens,West
100792,Scott Alexander,West
100793,Tyler Harris,West
100794,Bonnie Santos,West
100795,Timothy Hill,International
100796,Danielle Watson,Midwest
100797,Carol Sanders,Midwest
100798,Michael Young,Northeast
100799,Michele Smith,Southwest
100800,Casey Perez,Midwest
100801,Alexandra Dominguez,Midwest
100802,Virginia Henderson,Northeast
100803,Benjamin Reyes,Southwest
100804,Ashley Edwards,Midwest
100805,Breanna Ayala,West
100806,Brandi Haney,Northeast
100807,Joseph Smith,International
100808,Jessica Bowen,Northeast
100809,Brittany Jenkins,Northeast
100810,Shannon Miller,Southwest
100811,Paul Lawrence,International
100812,Victor Edwards,Northeast
100813,Donald Miller,Midwest
100814,Lindsay Lawson,West
100815,Melissa Abbott,Southwest
100816,Elizabeth Holmes,Southeast
100817,Nicole Phillips,Midwest
100818,Steven Blevins,West
100819,Brian Porter MD,West
100820,Vanessa Hatfield,Southwest
100821,Bonnie Valencia,West
100822,Holly Vega,Northeast
100823,Tiffany Townsend,International
100824,Austin Baker,Southwest
100825,Antonio Mccormick,Southwest
100826,Lori Mason,Northeast
100827,Michael Miller,Northeast
100828,Lisa Ramirez,West
100829,Jorge Harris,Ne
100830,Kimberly Myers,International
100831,Sandra Becker,Southeast
100832,Michael Blair,West
100833,Amy Miller,Southwest
100834,Jesse Lynch,Midwest
100835,Patrick Yang,Southeast
100836,Michael Miles,West
100837,Troy Mills,West
100838,Michelle Jackson,Midwest
100839,Richard Adams,West
100840,Patricia Johnson,International
100841,Denise Brown,Midwest
100842,Laura Jones,Northeast
100843,Ian Porter,Southeast
100844,Holly Scott,Midwest
100845,Kenneth Sharp,Northeast
100846,Jordan Williams,Northeast
100847,Dana Ruiz,West
100848,Chris Velazquez,Southeast
100849,Kristen Sloan,International
100850,Jennifer Morris,Southeast
100851,Nathan Nelson,Northeast
100852,Jake Shaw,West
100853,Cassie Brock,Southwest
100854,Dr. Andrea Marshall,Southeast
100855,Ryan Murphy,Northeast
100856,Aimee Gonzalez,Northeast
100857,Elizabeth Dean,Midwest
100858,Kevin Snyder,Midwest
100859,Christie Mccullough,Southeast
100860,Danielle Smith,Northeast
100861,David Reed,Midwest
100862,Sherry Tapia,International
100863,Matthew Sweeney,West
100864,Ashley Moreno,Midwest
100865,Johnathan Brown,Northeast
100866,Michelle Davis DVM,Southeast
100867,Kelly Haynes,Southeast
100868,William Miller,West
100869,Casey Wilkins,Southwest
100870,Keith Graham,International
100871,Cynthia Green,International
100872,Robert Haynes,International
100873,Emily Nelson,International
100874,Dale Chan,Northeast
100875,Brittney Martin,Northeast
100876,Jason Herrera,Southeast
100877,Christine Parker,West
100878,Bryan Moore,Northeast
100879,Samantha Terry,Southwest
100880,Russell Murphy,West
100881,David Kelly,West
100882,Megan Green,Northeast
100883,Amanda Sullivan MD,Southeast
100884,Danielle Murray,Northeast
100885,Brenda Smith,Southwest
100886,Vickie Anderson,West
100887,Jacqueline Mccoy,West
100888,Lauren Green,Southeast
100889,Alison Brown,Southeast
100890,Jill Anderson,Midwest
100891,Sandra Rivera,West
100892,Joel Jackson,Southwest
100893,Samantha Foster,Northeast
100894,Michael Thompson,International
100895,Cody Ramirez,Northeast
100896,Amanda Harvey,Southwest
100897,Edward Jenkins,Northeast
100898,Amy Ramirez,Southeast
100899,Curtis Wilkerson,Southwest
100900,Lydia Pham,Northeast
100901,Virginia Casey,Midwest
100902,Joshua Washington,Midwest
100903,Kathryn Price,Southeast
100904,Francis Robinson,West
100905,Paula Brown,Southwest
100906,Kendra Wang DVM,Southwest
100907,Ariel Sandoval,Southeast
100908,Robert Stark,West
100909,Zachary Robinson,Southeast
100910,Rebecca Kelly,Southeast
100911,Sarah Thompson,Northeast
100912,Renee Wolfe,International
100913,Alyssa Haynes,Southwest
100914,Kristy Hart,Southwest
100915,William Keith,Midwest
100916,Eric Henry Jr.,Midwest
100917,Daniel Fox,Midwest
100918,Thomas Harris,West
100919,Mitchell Sellers,Midwest
100920,Erica Johnson,Northeast
100921,Sylvia Schroeder,Northeast
100922,Shannon Yu,International
100923,Tom Foster,Midwest
100924,Eric Taylor,International
100925,Travis Conner,Northeast
100926,Marie Thompson,West
100927,Melissa Mcfarland,Northeast
100928,Courtney Chapman,Southeast
100929,Eric Barker,Northeast
100930,Nicholas Rush,Northeast
100931,Jenna Gamble,International
100932,Amanda Guzman,Southeast
100933,Tracy Walker,West
100934,Taylor Taylor,Midwest
100935,Cynthia Haas,Midwest
100936,Stephen Davis,West
100937,Margaret Tanner,Northeast
100938,Derek Wright,International
100939,David Rodriguez,Southwest
100940,James Oconnor,West
100941,Stacey Snyder,Midwest
100942,Joshua Garcia,Northeast
100943,Sean Curtis,International
100944,Carla Jones,Southeast
100945,Elizabeth Flores,Northeast
100946,Angela Jackson,Southeast
100947,Nicholas Payne,Southwest
100948,Anna Wheeler,West
100949,Karen Johnson,West
100950,Carmen Preston,Southwest
100951,Brian Harris,Northeast
100952,Michael Bowen,International
100953,Deborah Campbell,Midwest
100954,Anthony Armstrong,West
100955,Brittany Ward,Northeast
100956,Edward Stanley,International
100957,Christina Johnson,Southeast
100958,Edgar Miller,Northeast
100959,Elizabeth Sanders,Midwest
100960,Matthew Davis MD,Northeast
100961,Stephen Wood,Northeast
100962,Dennis Marshall,West
100963,Derrick Brown,Midwest
100964,Mary Miller,International
100965,Joshua Arellano,Southeast
100966,Kristen Randall,West
100967,Jennifer Nichols,Midwest
100968,Karen Keith,West
100969,Blake Orr,West
100970,Kathryn Lester,Midwest
100971,Megan Oliver,International
100972,Peter Thompson,Southeast
100973,Dr. Rhonda Martinez,Northeast
100974,William Graham,West
100975,Lori Flowers MD,Sw
100976,Suzanne Jones,Northeast
100977,James Nguyen,Midwest
100978,Jimmy Marks,Southwest
100979,Lisa Mills,West
100980,Jason Hernandez,International
100981,Olivia Ayers,West
100982,Kristine Garcia,West
100983,Joseph Cooper,Southeast
100984,James Washington,International
100985,Amanda Hill,Southeast
100986,Lee Steele,West
100987,Steve Rivera,Midwest
100988,Patrick Mccall,West
100989,Alicia Roth,West
100990,Douglas Vasquez,Midwest
100991,Annette Melton,International
100992,William Ramos,Midwest
100993,Debra Butler,West
100994,Chelsea Lewis,Southeast
100995,Natalie Malone,Midwest
100996,Samantha Robertson,Midwest
100997,Eric Hunter,Northeast
100998,Samuel Suarez,Northeast
100999,Corey Whitaker,West
101000,Danielle Bryant,West
101001,Michele Hill,West
101002,Kathy Reid,Northeast
101003,Andre Watson,Southeast
101004,Cassandra Harrell,Northeast
101005,Hannah Martin,Southwest
101006,Nicole Barker,Southwest
101007,James Martin,Southeast
101008,Traci Vincent,West
101009,Megan Adams,Northeast
101010,Alejandro Deleon,Southeast
101011,Alexa Buck,Northeast
101012,Lindsay Smith,Southeast
101013,Robert Torres,West
101014,Maria Coleman,International
101015,Gregory King,Northeast
101016,Michael Holloway,West
101017,Brian Hunt,West
101018,Sarah Brooks,International
101019,Lisa Evans,West
101020,Arthur Mcneil,Southeast
101021,Shannon Green,West
101022,Stephanie Evans,Southeast
101023,Ralph Yoder,International
101024,Rebekah Greene,Midwest
101025,Melanie Griffith,West
101026,Yolanda Green,Northeast
101027,James Johnson,Midwest
101028,Laura Lee,Southwest
101029,Courtney Nichols,West
101030,Susan Powers,Midwest
101031,Sarah Pittman,International
101032,Catherine Davis,Southwest
101033,David Stokes,Southeast
101034,Catherine Frazier,West
101035,Brandon Kelly,Midwest
101036,Elizabeth French,West
101037,David Carter,Southeast
101038,Julie Delacruz,Southeast
101039,Terry Jones,International
101040,Kathryn Dillon,International
101041,Edwin Brown,Southwest
101042,Brenda Gonzalez,International
101043,Keith Knox,West
101044,Eugene Baldwin,West
101045,Katherine Welch,West
101046,Mark Smith,Midwest
101047,Philip Jackson,Midwest
101048,Katherine Gallagher,Southeast
101049,Lucas Schultz,West
101050,Vincent Reyes,Southeast
101051,Curtis Watson,Southeast
101052,Frank Whitaker,West
101053,Michael Sims,Midwest
101054,Michael Cooper,Northeast
101055,James Chapman,Southwest
101056,Rodney Evans,Southwest
101057,Nicholas Carlson,Northeast
101058,Stephen Cowan,Northeast
101059,Steven Howard,Southeast
101060,Travis Hull,Southwest
101061,Darryl Acosta,Southwest
101062,Nicholas Lawrence,Northeast
101063,Jacob Santos,Southwest
101064,Shawn Scott,Northeast
101065,Amber Vang,Midwest
101066,Martha Smith,International
101067,Jennifer James,Northeast
101068,Kara Hernandez,Northeast
101069,Lorraine Turner,Midwest
101070,Mary Nelson,West
101071,Breanna Rivas,International
101072,Nathan Wilson,International
101073,Brian Gonzalez,Northeast
101074,Dennis Mills,Northeast
101075,Michael Phillips,Southwest
101076,Jon Clark,Southeast
101077,Erin Smith,Southwest
101078,Susan Conley,West
101079,Brittany Davis,Northeast
101080,Misty Garcia,Southwest
101081,David Hinton,Northeast
101082,John Garcia,Midwest
101083,Andrew Roberts,West
101084,Emily Rodgers,Midwest
101085,Peter Williams,West
101086,Mary Jackson,West
101087,Jeffrey Howell,International
101088,Anna Briggs,International
101089,James Rivers,Midwest
101090,James Jefferson,Northeast
101091,Mariah Robles,West
101092,Michael Brown,International
101093,Caitlin Perry,Southeast
101094,Rebekah Gregory,Midwest
101095,James Howard,Midwest
101096,Michael Roberson,Northeast
101097,Bianca Knapp,West
101098,Jason Williams,Southeast
101099,Ernest Bush,Southwest
101100,Patricia Ray,Southwest
101101,Vanessa Santiago,Southwest
101102,Joseph Haynes,Midwest
101103,Matthew Wright,Southeast
101104,Michael Cruz,West
101105,Kristin Huerta,Southwest
101106,Mason Moore,Midwest
101107,Sarah Booth,Southwest
101108,John Allen,Northeast
101109,Amber Walker,Southwest
101110,Jennifer Young,Northeast
101111,Robert West,Northeast
101112,Jillian Wilson,West
101113,Matthew Garcia MD,Northeast
101114,April Davis,Northeast
101115,Lisa Torres,Northeast
101116,Christine Powers,Midwest
101117,Heidi Brown,Southwest
101118,Jesse Castro,Northeast
101119,Kara Sandoval,West
101120,Ashley Malone,Southwest
101121,Glenn Gallegos,Northeast
101122,Dorothy Boyd,Northeast
101123,Amber Martin,Southwest
101124,Mitchell Griffith,Southwest
101125,Levi Lopez,West
101126,Jenna Bryant,Southwest
101127,Michelle Rodriguez,Northeast
101128,Timothy Monroe,Midwest
101129,Patricia Hayes,West
101130,Tina Taylor,Southeast
101131,Mr. Anthony Mcconnell PhD,West
101132,Mr. Thomas Thompson,Midwest
101133,Monica Anderson,West
101134,Kyle Andrade,Midwest
101135,Janice Petty,Southeast
101136,Pamela Hill,Northeast
101137,Tracy Chavez,Northeast
101138,Jason Graves,West
101139,Elizabeth Miles,Northeast
101140,Michelle Walls,Northeast
101141,Christina Weber,Northeast
101142,Gregory Chambers,Northeast
101143,Miss Tina Gordon,Southwest
101144,Erica Wilson,Midwest
101145,John Duncan,International
101146,Jennifer Adkins,Northeast
101147,Donna Boone,West
101148,Kelly Johnson,Midwest
101149,Michael Gonzalez,Midwest
101150,Candace Mitchell,Southwest
101151,Ryan Vaughn,International
101152,Paul Johnson,Southwest
101153,Ashley Parrish,Northeast
101154,Sharon Newton,Southeast
101155,Cynthia Mueller,West
101156,Donna Beck,Southeast
101157,Jasmine Frye,West
101158,Emily Arnold,West
101159,David Oliver,West
101160,Sheila Greer,Southwest
101161,Michele Holland,West
101162,Kimberly Morrison,Northeast
101163,Tracey Phillips,Northeast
101164,Michael Lopez,West
101165,Jose Bennett,Midwest
101166,Justin Anderson,Southeast
101167,Dawn Rivera,Midwest
101168,Brittney Hernandez,West
101169,Anthony Randolph,Southwest
101170,Mary Henry,West
101171,Heather Bowers,Midwest
101172,Daniel White,Southeast
101173,Jonathan Perry,Midwest
101174,Anna Walker,Southeast
101175,Gary Ward,West
101176,Paul Moreno,West
101177,Samantha Zavala MD,Northeast
101178,Jill Conway,Northeast
101179,Lisa Haley,Northeast
101180,Erica Moon,Southwest
101181,Janice Fernandez,West
101182,Thomas Short,Northeast
101183,Robert Griffin,Southwest
101184,Steven Lee,Midwest
101185,Tiffany Jackson,Midwest
101186,Kimberly Smith,International
101187,Michael Ayala,Northeast
101188,Jessica Garcia,Northeast
101189,Michele Cherry,West
101190,Maria Case,Northeast
101191,Brittany Stevens,West
101192,Brandon Brown,Northeast
101193,Kristin Andrews,Northeast
101194,David Hughes,Northeast
101195,Jessica Smith,Midwest
101196,Kimberly May,Northeast
101197,Nicole Richards,Northeast
101198,Angel Reilly,Southwest
101199,Richard Turner,Southeast
101200,Preston Kim,Southeast
101201,Matthew Wells,Northeast
101202,Brandy Myers,Southeast
101203,Kimberly Choi,Southeast
101204,Michael Sloan,West
101205,Monica Brooks,Northeast
101206,Kristen Peters,Southwest
101207,Aaron Carlson,International
101208,Theresa Torres,Northeast
101209,Stephanie Cooper,Northeast
101210,Matthew Hunt,Northeast
101211,Daniel Davenport,West
101212,Christopher Marsh,Northeast
101213,Sarah Randolph,Southwest
101214,Julia Dunn MD,West
101215,Brett Swanson,Southwest
101216,Mr. Carl Rios,Midwest
101217,Manuel Mccullough,International
101218,Jerry Jensen,Northeast
101219,Kevin Cunningham,Midwest
101220,Eugene Patterson,Southeast
101221,David Walker,International
101222,Jessica Larsen,West
101223,Nicholas Humphrey,Southwest
101224,Ian Torres,Northeast
101225,Casey Obrien,International
101226,Shannon Taylor,Midwest
101227,Deborah Mercado,Midwest
101228,Bernard Smith,International
101229,Amanda Perkins,Midwest
101230,Kevin Escobar,Midwest
101231,Kimberly Lutz,West
101232,Reginald Diaz,Northeast
101233,Raymond Quinn,Southeast
101234,John Dixon,Northeast
101235,Jonathan Bates,Northeast
101236,Renee Mendez,Southwest
101237,Jose Griffin,West
101238,Travis Hopkins,Southeast
101239,Nancy Webb,Midwest
101240,Daniel Freeman,Midwest
101241,Jacob Williams,West
101242,Terry Ward,International
101243,Jesse Williams,International
101244,Mrs. Michele Boyd,Midwest
101245,Sandy Baker,Southeast
101246,Carrie Valdez,Midwest
101247,Matthew Houston,West
101248,Jamie Solomon,Midwest
101249,Heather Parrish,West
101250,Mr. Larry Shaw,West
101251,Christopher Jones,Southeast
101252,Christine Lopez,Southeast
101253,Mitchell Wilson,Southeast
101254,Robert Cortez,Northeast
101255,Mr. Daniel Martin,Northeast
101256,Alison Williams,West
101257,Candace Soto,Midwest
101258,Kenneth Brown,Northeast
101259,Christopher Mullen,West
101260,Kristy Smith,West
101261,Mary Campbell,Southeast
101262,Jerry Haney,Southwest
101263,Carolyn Greer,International
101264,Rebecca Hoover,West
101265,Matthew Baker,West
101266,Grace Chavez,Northeast
101267,Crystal Cruz,International
101268,Dale Heath,Midwest
101269,Jennifer Hernandez,International
101270,John Mendez,West
101271,Richard Gordon,Northeast
101272,John Anderson,Northeast
101273,Samantha Prince,West
101274,Marie Boyd,West
101275,Andrew Moreno,Northeast
101276,Robert Clarke,West
101277,Kevin Figueroa,Southwest
101278,Melissa Davis,Midwest
101279,John Hall,Midwest
101280,Diane Mcdowell,Northeast
101281,Colin Fletcher,Southwest
101282,Laura Wilson,Southeast
101283,Matthew Watts,Southwest
101284,Jack Moore,Southeast
101285,Dawn Wyatt,West
101286,Jacob Hill,Se
101287,Nicole Gutierrez,Northeast
101288,Karen Wood,Southwest
101289,Dawn Parker,Midwest
101290,Michael Fitzgerald,West
101291,Mary Adkins,International
101292,Michael Martin,International
101293,James Morgan,Southwest
101294,Melissa Mann,Northeast
101295,Vincent Smith,West
101296,Charles Frost,Southwest
101297,Austin Walker,Southeast
101298,Andrew Cruz,Northeast
101299,Miss Kelly Dawson,Southwest
101300,Theresa Wilkins,Midwest
101301,Jessica Harris,West
101302,Regina Mitchell,International
101303,Kyle Black,West
101304,Christopher Johnson,Midwest
101305,Aaron Moore,Southeast
101306,Penny Gomez MD,Midwest
101307,Kelly Mclaughlin,Northeast
101308,Brandon Mitchell,Southwest
101309,Suzanne Bailey,Southwest
101310,Destiny Obrien,Southeast
101311,Timothy Andrews,Southeast
101312,Jason Rodriguez,Southwest
101313,Edward Arroyo,Northeast
101314,Tina Walter,Midwest
101315,Laura Benson,Midwest
101316,Kristine Carrillo,West
101317,Tonya Ellis,Northeast
101318,Kevin Johnson,West
101319,Austin Schultz,Southeast
101320,Megan Hall MD,West
101321,Kelli Smith,Northeast
101322,Danielle Davis,Midwest
101323,Samantha Jones,Midwest
101324,Karen Gomez,Northeast
101325,Debra Valentine,Northeast
101326,Susan Porter,Northeast
101327,Nicolas Salas,Southeast
101328,Dale Wright,Northeast
101329,Brittney Rodriguez,International
101330,Megan Alvarado,Midwest
101331,Pamela Weaver,Southwest
101332,John Oliver,International
101333,William Prince PhD,Northeast
101334,William Moon IV,West
101335,Kenneth Brown,Southwest
101336,Karen Fernandez,West
101337,Jennifer Parks,Midwest
101338,William Wolfe,Midwest
101339,Michael Smith,Northeast
101340,Kevin Nguyen,West
101341,Debbie Dunn,International
101342,John Austin,International
101343,Jonathan Clark,Northeast
101344,Jacqueline Dickerson,West
101345,Christopher Anderson,Southeast
101346,Crystal Garcia,International
101347,David Reynolds,Northeast
101348,Charles Haley,International
101349,Robert Thompson,Southwest
101350,Dr. Samuel Holmes DDS,Northeast
101351,Elizabeth Hart,Northeast
101352,Jennifer Vaughn,Southwest
101353,Robert Woods,Northeast
101354,Joanna Cook,West
101355,Justin Frederick,International
101356,Alejandro Martinez,West
101357,Tracey Gonzalez,Midwest
101358,Mariah Thompson,Midwest
101359,Heather Nunez,Northeast
101360,Dr. Steve James,International
101361,Mark Thomas,Southeast
101362,Robert Rogers,Northeast
101363,Laura Sweeney,Southeast
101364,Christopher Perez,International
101365,Eddie Adams,Northeast
101366,Denise Wallace,Southwest
101367,Heidi Matthews,West
101368,Jennifer White,Southwest
101369,Nicholas Stanley,International
101370,Mercedes Miller,Southwest
101371,Brian Brown,International
101372,Kimberly Johnson,Northeast
101373,Phillip Miller,Southwest
101374,Christopher Pena,West
101375,Ellen Wright,West
101376,Mark Anderson,Southwest
101377,Alyssa Alvarado,International
101378,Erika Alvarez,West
101379,Kimberly Nelson,Midwest
101380,Wayne Wolfe,Midwest
101381,Kyle Welch,Midwest
101382,Kristy Mills,Southeast
101383,Emily Reed,Midwest
101384,Regina Ramos,Northeast
101385,David Torres,Northeast
101386,Robert Charles,Southwest
101387,John Smith,Midwest
101388,Theresa Woods,International
101389,Jeffrey Carter,West
101390,Adam Brooks,Northeast
101391,Justin Foster,Northeast
101392,Omar Price,Northeast
101393,Dennis Henderson,International
101394,Phillip Kent,Northeast
101395,Melinda Mitchell,Midwest
101396,Rhonda Gutierrez,International
101397,Catherine Roberts,International
101398,Lisa Nelson,Southeast
101399,Chelsea Smith,Northeast
101400,Joseph Lopez,Northeast
101401,Derrick Espinoza,Northeast
101402,Crystal Hernandez,Northeast
101403,Glenn Collins DDS,West
101404,Mrs. Raven Rivera DVM,International
101405,Amy Rowe,West
101406,John Lee,West
101407,Ruth Clayton,Northeast
101408,Randy Wright,Southwest
101409,Jessica Rojas,West
101410,Joel Wise,Southwest
101411,Vickie Kennedy,International
101412,Emily Morris,Southeast
101413,Amanda Pineda,Northeast
101414,Dawn Little,Southeast
101415,Stephen Boyer,Midwest
101416,Brian Chen,International
101417,Christopher Hill,Southeast
101418,Richard Smith,Southwest
101419,Richard Alvarez,West
101420,Jacqueline Davis,Northeast
101421,Brandon Montgomery,Southeast
101422,Yolanda Garrett,West
101423,Matthew Miles,West
101424,Beth Hall,Midwest
101425,Dr. Nicole Trujillo,Southeast
101426,Corey Norris,West
101427,Chad Roach,Northeast
101428,Mr. Edward Terry,International
101429,Cody Bailey,Northeast
101430,Denise Guerra,Northeast
101431,Kristen Jones,Midwest
101432,Edward Baker,Midwest
101433,Aaron Little,Midwest
101434,Cody Smith,Midwest
101435,Patty Allen,International
101436,Mary Ryan,Midwest
101437,Joseph Jimenez,Midwest
101438,Lisa Morris,Midwest
101439,Ashley Mills,Northeast
101440,Russell Anderson,West
101441,Christina Washington,Southeast
101442,Kenneth Huff,West
101443,Kelly Miles,Northeast
101444,Jacob Obrien,International
101445,Timothy Clark,Midwest
101446,Steve Miller PhD,Southwest
101447,Justin Hurley,Midwest
101448,Jacob Erickson,Northeast
101449,Deborah Williams,Southwest
101450,Eric Blackburn,West
101451,Anne Hardy,Southwest
101452,Chelsey Fox,Midwest
101453,Mario White,West
101454,Jennifer Garcia,Southwest
101455,Heather Ellis,West
101456,Sonya Jackson,Southeast
101457,James Morgan,West
101458,Zachary Ramos,West
101459,Ethan Frey,International
101460,Jacob Duran,Southeast
101461,Nicholas Franklin,Midwest
101462,Cindy Cannon,Southwest
101463,Dawn Nixon,Midwest
101464,James Barber,West
101465,Ms. Kelly Holder,Midwest
101466,Eric Walker,Northeast
101467,Alison Short,West
101468,Desiree Spencer,Northeast
101469,Tammy Moore,Northeast
101470,Henry Taylor,West
101471,Kevin Hall,West
101472,Anna Ross,Southwest
101473,Morgan Cummings,Southeast
101474,Carrie Petersen,Northeast
101475,Laura Velez,International
101476,Elizabeth Cross,Northeast
101477,Angela Brown,Northeast
101478,Hannah Montoya,Southeast
101479,Sean Kane,Midwest
101480,Matthew Guzman,Southwest
101481,Richard Reyes,West
101482,Andrew Fernandez,West
101483,Jonathan Walker,Northeast
101484,Nicholas Long,Southeast
101485,Kurt Wagner,Midwest
101486,Dylan Foster,Northeast
101487,Bradley Duncan,Southeast
101488,James Miller,Southeast
101489,Patricia Anderson,Northeast
101490,Justin Freeman,West
101491,Christina Gilbert,West
101492,Danielle Jones,Ne
101493,Erica Glass,Midwest
101494,Michael Henderson,Southwest
101495,Frank Wheeler,West
101496,Eric Huerta,Southwest
101497,Wanda Ramos,Midwest
101498,Andrew Meyers,Southwest
101499,James Todd,Southeast
101500,Ashley Brown,Southeast
101501,Tammy Melton,Northeast
101502,Alexis Benson,Midwest
101503,Jerry Johnson,Midwest
101504,Joshua Harris,Southeast
101505,Deanna Webb,West
101506,Brenda Hale,Southeast
101507,Kevin Alvarado,Southeast
101508,Christopher Campbell,Northeast
101509,Lisa Brown,Midwest
101510,Alejandra Price,Southeast
101511,Samuel Keller,Southeast
101512,Alicia Dillon,Southeast
101513,Crystal James,West
101514,Ariana Stewart,International
101515,Kim Lopez,Midwest
101516,Judith House,West
101517,David Moreno,Southwest
101518,James Moore,International
101519,Harold Garrett,West
101520,William Mason,Southwest
101521,Lori Johns,International
101522,Robin Johnson,Southwest
101523,Diana Hernandez,Midwest
101524,Mary Miller,Northeast
101525,Tyler Salazar,Northeast
101526,Crystal Allen,Midwest
101527,Wesley Browning,Midwest
101528,Joshua Clark,Midwest
101529,Joshua Mcbride,West
101530,Ellen Thornton,West
101531,Brandy Forbes,Southwest
101532,Brianna Fitzpatrick,Northeast
101533,Emily Grant,Southeast
101534,Bailey Stewart,Southwest
101535,Monica Cannon,Southwest
101536,Jennifer Jenkins,International
101537,Timothy Shannon,Southwest
101538,Denise Maxwell,Southwest
101539,Cody Farmer,Southeast
101540,Debra Bradley,Midwest
101541,David Mcdaniel,Southeast
101542,Michael Woods,West
101543,Lisa Joseph,International
101544,Samuel Henry,Se
101545,Corey Johnson,West
101546,Alexis Nelson,Southeast
101547,Patrick Mcneil,Northeast
101548,Andrea Ho,Northeast
101549,Dr. Katherine Nguyen,Northeast
101550,David Sullivan,International
101551,Nicolas James,Midwest
101552,Logan Newton,Southwest
101553,Kelly Liu,West
101554,Kelly Hayes,Northeast
101555,Amanda Forbes,Northeast
101556,Jennifer Moss,Southwest
101557,Kelli Mccoy,Southeast
101558,Eddie Sanders,International
101559,Ronald Murray,Northeast
101560,Louis Brown,West
101561,Brenda Gallegos,Southwest
101562,Nathan Wilson,Southeast
101563,Teresa Horton,Southeast
101564,Jason Hayes,International
101565,Kevin Marquez,Southeast
101566,Jesse Wright,Midwest
101567,Susan Hogan,Midwest
101568,Becky Wilson,Southeast
101569,Jack Mills,Southwest
101570,Richard Hunt,Southwest
101571,Jamie James,Southeast
101572,Susan Cunningham,Southwest
101573,Brittany Melton,Northeast
101574,Michael Barnes,Northeast
101575,Randy Griffin,West
101576,Autumn Anderson,International
101577,Marcus King,Northeast
101578,Scott Stephens,Northeast
101579,Stephen Young,Midwest
101580,Karen Ortiz,Southwest
101581,Kyle Sanchez,Northeast
101582,Lisa Grant,Midwest
101583,Amber Hernandez,West
101584,Amanda Nash,Southeast
101585,Sara Evans,Northeast
101586,Amber Butler,Northeast
101587,Michael Carr,Midwest
101588,Linda Cobb,Midwest
101589,Jesse Riley,Southwest
101590,Anna Evans,West
101591,James Jones,West
101592,Joshua Carter,International
101593,Michael Hill,Midwest
101594,Kelly Dominguez,Midwest
101595,Ashley Blair,International
101596,Victoria Webb,Southeast
101597,Taylor Andersen,West
101598,Lee Stewart,West
101599,Whitney Gomez,Northeast
101600,Justin Stone,Midwest
101601,Katherine White,Northeast
101602,Michelle Krause,Northeast
101603,Alexander Garrett,Midwest
101604,Ryan Marsh,Southeast
101605,Mrs. Felicia Castro DDS,Southwest
101606,Curtis Campbell,International
101607,Elizabeth Hunter,Southwest
101608,Aaron Jennings,Southeast
101609,Nathaniel Gilbert,Southeast
101610,Christopher Rivera,Southeast
101611,Michael Hendricks,Northeast
101612,Maria Olson,International
101613,Stephanie Herrera,Midwest
101614,Richard Gutierrez,Southeast
101615,Sandy Evans,Southwest
101616,Emily Herrera,Midwest
101617,Michael Marsh,Northeast
101618,Heather Montes,Northeast
101619,Andre Terrell,West
101620,Sarah Duncan,Southwest
101621,Kurt Hancock,Northeast
101622,Michele Edwards,International
101623,Jason Crawford,Southwest
101624,Jesse Sampson,Southwest
101625,Eric Rodriguez,Southeast
101626,Paula Gentry,Northeast
101627,Alexander Webb,Southwest
101628,Cheryl Mclean,Southeast
101629,Kelly Rowe,West
101630,Shane Short,West
101631,Megan Anderson,Northeast
101632,Julia Reeves,Southwest
101633,April Randolph,International
101634,Linda Miller,West
101635,Angel Meyer,Midwest
101636,Emily Lane,Southwest
101637,Steven Flores,Midwest
101638,Donald Flores,West
101639,Bruce Hernandez,Southwest
101640,Adrian Dean,West
101641,Christine Bell,Southeast
101642,Charles Bush,Northeast
101643,David Jones,Southeast
101644,Gina Wallace,Midwest
101645,John Lowe,Midwest
101646,Anthony Simmons,West
101647,Kyle Watkins,Midwest
101648,Melissa Jensen,Southwest
101649,Robert Marquez,International
101650,Kim Beltran,Southeast
101651,Julie Anderson,West
101652,Tamara Mcdonald,West
101653,Michael Mckinney,Midwest
101654,David Walker,Northeast
101655,Lisa Durham,Southwest
101656,Michael Ortega,International
101657,Sonya Chavez,West
101658,John Bell,International
101659,Christopher Tate,International
101660,Bethany Garcia,Southeast
101661,Rebecca Nguyen,West
101662,Rebecca Patel,Midwest
101663,Jason Oliver,International
101664,Valerie Reyes,Northeast
101665,Robert Garza,Midwest
101666,Jessica Cobb,Southwest
101667,Cynthia Bates,Southeast
101668,Timothy Andrews,Southwest
101669,Mr. Joel Peters,Midwest
101670,Casey Blanchard,International
101671,Brian Cervantes,Southwest
101672,Jamie Snyder,Southeast
101673,Ann Montoya,Southwest
101674,Stephanie Fields,Southeast
101675,Charles Hernandez,West
101676,Jean Lane,West
101677,Michael Stewart,Southwest
101678,Susan Torres,Northeast
101679,Jessica Haas,Southeast
101680,Brandon Smith,West
101681,Mrs. Bethany Phillips,West
101682,Joshua Brown,Midwest
101683,Samantha Howard,Northeast
101684,Sharon Young,Southeast
101685,Jennifer Flores,Southwest
101686,James Gardner,Northeast
101687,Karen Lopez,Midwest
101688,Tim Larsen,International
101689,Zachary Santiago,Northeast
101690,Benjamin Smith,West
101691,Katelyn Kim,Southeast
101692,Angela May MD,Southwest
101693,Richard Munoz,West
101694,Christopher Hicks,Southwest
101695,Joanna Kelly,Northeast
101696,Larry Lane,West
101697,Cynthia Shaw,Southwest
101698,Joshua Richardson,Southeast
101699,Laura Bush,Southeast
101700,John Vaughn,Northeast
101701,Nicholas Terrell,International
101702,Dr. Julie Miller,West
101703,Ann Kennedy,West
101704,Toni Miller,West
101705,Rebecca Edwards,West
101706,Greg Osborne,Midwest
101707,Jose Harrison,Midwest
101708,Jennifer Yu,West
101709,Donna Johnson,Northeast
101710,Nicole Acosta,Southwest
101711,Amy Kennedy,Southwest
101712,Anthony Mooney,Southeast
101713,Lori Mitchell,West
101714,Jonathan York,Northeast
101715,Casey Campbell,International
101716,Alexis Rodriguez,International
101717,Kevin Hernandez,International
101718,Robert Green,Southeast
101719,Kari Lloyd,Northeast
101720,Grace Miller,Northeast
101721,Timothy Moore,Northeast
101722,Wyatt Townsend II,Northeast
101723,Mark Clark,Northeast
101724,Haley May,International
101725,Audrey Jackson,Northeast
101726,Eric Reese,Northeast
101727,Kim James,Southwest
101728,Karen Thomas,West
101729,Alexandra Ho,Southwest
101730,Michael Nixon,West
101731,Amanda Hardin,Southwest
101732,Tina Reynolds,West
101733,Shannon Rogers,Midwest
101734,Brett Pena,West
101735,Raymond Curry,Midwest
101736,Leah Lee,Southeast
101737,Michael White,Midwest
101738,Megan Decker,Northeast
101739,Brent Garcia,Southwest
101740,Daniel Campbell,Southeast
101741,Alexander Davis,Northeast
101742,Mary Houston,Southeast
101743,Margaret Erickson,Southwest
101744,Scott Anderson,Southeast
101745,Stephanie Knight,West
101746,Stephanie Dominguez,Southwest
101747,John Mayer,Northeast
101748,Tammy Hill,West
101749,Steven Carrillo,Southeast
101750,Christopher Jones,Northeast
101751,Janet Cook,West
101752,Tyler Baker,International
101753,John Mcfarland,Southeast
101754,Cassandra Vasquez,West
101755,Randy Robinson,Southeast
101756,Susan Baldwin,West
101757,Benjamin Duncan,West
101758,Jeremy Mosley,West
101759,Martin Fitzpatrick,West
101760,Deborah Graves,Northeast
101761,Laura Robertson,West
101762,Katherine Graham,West
101763,Priscilla Floyd,West
101764,April Finley,Northeast
101765,Karen Bradley,Midwest
101766,Heather Maldonado,Midwest
101767,Mark Benjamin,Northeast
101768,Joseph Woodward,Southeast
101769,Joe Miranda,Midwest
101770,Cassandra Williams,West
101771,Connor Dominguez,Southeast
101772,Lydia Howard,Southwest
101773,Mark Moss,West
101774,Corey Cortez,West
101775,Katherine Brown,Midwest
101776,Elizabeth Ferguson,Midwest
101777,Joann Forbes,West
101778,Anthony French,International
101779,Bruce Roman,Midwest
101780,Judy Gregory,Midwest
101781,Brittany Riley,West
101782,Amanda Thomas,West
101783,Kaitlin Hardin,Northeast
101784,Michael Anderson,Midwest
101785,Anthony Parker,Midwest
101786,Joy Jackson,International
101787,Sabrina Rodriguez,Midwest
101788,Robert Walker PhD,Midwest
101789,Robert Hendrix,International
101790,Erika Daugherty,Midwest
101791,Brenda Copeland,Northeast
101792,Pamela Watkins,Northeast
101793,Bryan Thomas,Northeast
101794,Michael Tran,Northeast
101795,Timothy Williams,Midwest
101796,Ryan Salazar,West
101797,Alexis Tucker,West
101798,Christopher Davis,Northeast
101799,Stacie Butler,West
101800,Patricia Schwartz,Northeast
101801,Mark Mills,International
101802,Todd Bishop,Northeast
101803,Christopher Porter,West
101804,Lori Patton,Se
101805,Aaron Young,West
101806,Joseph Davis,Midwest
101807,Philip Fernandez,West
101808,Randy Hopkins,Southeast
101809,Cory Hogan,International
101810,Tracy Wells,Midwest
101811,Michael Williams,West
101812,Dominique Hamilton,Southwest
101813,Robert Chang,International
101814,Patrick Buckley,Southeast
101815,Richard Washington,Southeast
101816,Steven Griffith,Southeast
101817,Erika Gonzalez,Southeast
101818,Erika Maxwell,West
101819,Brent Rojas,International
101820,Jaime Walker,International
101821,John Zamora,Midwest
101822,Timothy Gibson,West
101823,Chad Cortez,Southwest
101824,Vanessa Harris,International
101825,Michael Brown,Northeast
101826,Samuel Ellis,Midwest
101827,Greg Tanner,Southwest
101828,Rachel Little,Southeast
101829,Carolyn Cordova,Midwest
101830,Angelica Vincent,International
101831,Zachary Vargas PhD,International
101832,Nicholas Fitzgerald,International
101833,Garrett Riley,Southwest
101834,Leslie Hernandez,Southeast
101835,Abigail Baird,Se
101836,John Mack,West
101837,Joseph Mendoza,West
101838,Samantha Chavez,Midwest
101839,Justin Smith,West
101840,Tiffany Anderson,Midwest
101841,Matthew Davis,West
101842,Eric Warner,Southeast
101843,Nicole Johnson,Southeast
101844,Raymond Sawyer,Northeast
101845,Richard Wood,Northeast
101846,Mark Dalton,Southwest
101847,Steven Cook,Midwest
101848,Jeffery Nelson,Southeast
101849,Kimberly Norton,West
101850,Angela Gilmore,West
101851,Amy Dougherty,Northeast
101852,Stacy Rodriguez,Southeast
101853,Manuel Diaz,Northeast
101854,Justin Jones,West
101855,Christine Zavala,Southeast
101856,Brian Mendoza,Northeast
101857,Lauren Haley,Northeast
101858,Patrick Perez,West
101859,Derek Frazier,Northeast
101860,Arthur Reed,Southwest
101861,Mr. Bryan Mckinney,Northeast
101862,Kim Carter,West
101863,Rebecca Dougherty,Midwest
101864,Teresa Jones,Midwest
101865,Judith Miller,Northeast
101866,Donna Frye,Southwest
101867,Donald Terry,Southwest
101868,Shaun Meyer DDS,Northeast
101869,Wayne Weaver,Northeast
101870,Gregory Wallace,International
101871,Dorothy Brown,West
101872,Crystal Meza,Northeast
101873,Jennifer Cooper,Northeast
101874,Erin Watkins,West
101875,Sarah Wallace,West
101876,Carlos Clarke,West
101877,David Washington,International
101878,Patricia Williams,Midwest
101879,Jesus Jackson,Southeast
101880,Michelle Mitchell,Midwest
101881,Sara Schwartz,Southeast
101882,Brittany Young,Southeast
101883,Eugene Martinez,Northeast
101884,Cody Hart,Southeast
101885,Evan Cooper,West
101886,Joshua Martin,Northeast
101887,Thomas Sullivan,Midwest
101888,Mr. Jimmy Flores Jr.,West
101889,Vanessa Rivera,West
101890,Kara Roberts,Southwest
101891,Veronica Berry,Southwest
101892,Keith Meadows,West
101893,Michael Dennis,Northeast
101894,Brenda Pierce,Midwest
101895,James Randall,West
101896,Brandon Brown,Se
101897,Lauren Walker,Northeast
101898,Diana Johnson,Southeast
101899,Jill Powers,Midwest
101900,Jorge Lee,Midwest
101901,Larry Harding,Northeast
101902,Heather Hernandez,Southwest
101903,Jaclyn Watson,International
101904,Gregory Madden,Northeast
101905,Anita Luna,International
101906,Willie Lara,Northeast
101907,Robert Waller,International
101908,Steven Taylor,International
101909,Angelica Clark,Ne
101910,Sean Hatfield,West
101911,Tyler Avila,International
101912,Jason Rocha,International
101913,Justin Page,International
101914,Breanna Lopez,West
101915,Julian Williams,Northeast
101916,Sandra Torres,Southwest
101917,Julie Johnson,West
101918,Dennis Blanchard,West
101919,Kaitlyn Valdez,Midwest
101920,Jennifer Vasquez,West
101921,Danielle Wilson,Northeast
101922,Zachary Jones,West
101923,Lauren Cunningham,Northeast
101924,Lori Alvarez,West
101925,Barbara Hunt,Southwest
101926,Sarah Martin,Midwest
101927,Francisco Johns,Midwest
101928,Christopher Nelson,Southeast
101929,Thomas Kelly,International
101930,Joseph Mayer,West
101931,Pamela White,Southeast
101932,Paul Stephens,Northeast
101933,Samantha Cohen,Northeast
101934,Michael Barker,Midwest
101935,Kevin Morrow,International
101936,Joseph Watson,West
101937,Mr. Thomas Garcia,Northeast
101938,Daniel Lopez,Southwest
101939,Lisa Guerra,Southeast
101940,Kim Arnold,Southwest
101941,Ashley Stevens,Southeast
101942,Robert Mclean,West
101943,Eric Cox,International
101944,Stacy Harper,Southeast
101945,Gloria Mckinney,West
101946,Robert Walker,International
101947,Brenda Perez,Northeast
101948,Carlos Miller,Northeast
101949,Rachel Jones,West
101950,Nicole Williams,Southeast
101951,Ricky Palmer,Northeast
101952,Bryan King,Midwest
101953,Michael Webster,West
101954,Tamara Harris,Southeast
101955,Cathy Bell,Southeast
101956,Ryan Mcmahon,Southwest
101957,Hannah Martin,Midwest
101958,Monica Allen,Southwest
101959,Annette Lane,Midwest
101960,Daniel Lee,International
101961,Steven Medina,West
101962,Annette Lewis,Northeast
101963,Michelle Richardson,Southwest
101964,Jessica Rosario,Midwest
101965,Henry Gray,Northeast
101966,Darren Rodriguez,Northeast
101967,Mrs. Ashley Taylor,West
101968,Michele Hawkins,Northeast
101969,Garrett Wilson,Southeast
101970,Kyle Collins,Northeast
101971,Jill Spencer,Midwest
101972,Scott Lopez,Midwest
101973,Ryan Alvarez,Midwest
101974,Cassie Lutz,Southeast
101975,Brian Kim DDS,Northeast
101976,Charles Morales,West
101977,Ashley Schaefer,Southeast
101978,Amy Hester,West
101979,Kurt Ewing,Northeast
101980,Ryan Hardy,Northeast
101981,Micheal Perkins,Southeast
101982,Richard Schneider,Midwest
101983,John Morrison,Midwest
101984,John Ramirez,Southwest
101985,Ashley King,Southeast
101986,Mark Taylor Jr.,West
101987,Barry Gregory,West
101988,Janet Shelton,Northeast
101989,Marco Davis,Midwest
101990,Paul Saunders,Se
101991,Christina Bates,Midwest
101992,Dennis Cooper PhD,Northeast
101993,Tiffany Johnson,Southwest
101994,Thomas Reyes,International
101995,James Stevens,Northeast
101996,Justin Dalton,West
101997,Michael Henry,West
101998,Mike Freeman,Southeast
101999,Michael Keller,Southwest
102000,Laura Alvarez,West
102001,Katie Myers,International
102002,Wesley Jensen MD,International
102003,Erica Johnson,Northeast
102004,Russell Bailey,Midwest
102005,Alyssa Vance,West
102006,Brent Reed,Northeast
102007,Gregory Stanley,Southeast
102008,Matthew Watkins,International
102009,Ana Torres,Northeast
102010,Alejandro Nguyen,Midwest
102011,Scott Bradley,Southwest
102012,Deborah Dominguez,Southeast
102013,Victoria Gray,Midwest
102014,Kenneth Stokes,International
102015,Michael Rogers,Midwest
102016,Pamela Morgan,Northeast
102017,Heidi Graham,Northeast
102018,Ryan Cobb PhD,International
102019,Donna Williams,Southeast
102020,Jennifer Perez PhD,Midwest
102021,Ryan Davis,Northeast
102022,Austin Solis,Midwest
102023,Daniel Flynn,International
102024,Elizabeth Brock,Midwest
102025,Joshua Gonzalez,International
102026,Mario Chavez,Southeast
102027,Catherine Smith,Midwest
102028,Shari Ray,Southwest
102029,Victor Harmon,Midwest
102030,Timothy Patel,Southeast
102031,Patricia Hamilton,Southwest
102032,Lori Boyd,Midwest
102033,Charles Hernandez,West
102034,Elizabeth Graham,International
102035,Ronald Brown,Northeast
102036,Jason Colon,Southeast
102037,Dawn Burke,Northeast
102038,Brian Lee,Midwest
102039,Ronald Marshall,Northeast
102040,Jessica Lucas,West
102041,Christopher Taylor,Northeast
102042,Robert Hopkins,West
102043,Samuel Stuart,Southeast
102044,Mr. Scott Miller,Southeast
102045,Sharon Lester,Southeast
102046,Jack Sandoval,West
102047,Tony Ramsey,Midwest
102048,Brian Navarro,Southeast
102049,Kelly Calderon,Southwest
102050,Tara King,West
102051,Cynthia Martinez,Northeast
102052,Erin Silva,International
102053,Paul Young,Southeast
102054,Charles Thompson,Northeast
102055,Jessica King,Midwest
102056,Katherine Brooks,Northeast
102057,Emily Coleman,Southeast
102058,Tracey Suarez,West
102059,Heidi Baldwin,Northeast
102060,Alisha Rasmussen,Southwest
102061,Sarah Bates,International
102062,Melissa Mccormick,West
102063,Juan Parker,West
102064,Heidi Burnett,West
102065,Sean Mathews,International
102066,Theodore Long,Southeast
102067,Dawn Davis,Northeast
102068,Cynthia Clark,Midwest
102069,Sydney Welch,West
102070,Pamela Sullivan,Northeast
102071,Sean Morrow,West
102072,Kaitlin Gutierrez,Northeast
102073,Michelle Mcdowell,International
102074,Samantha Hale,Southeast
102075,Heather Guzman,Northeast
102076,Nancy Chavez,Northeast
102077,Anthony May,Southeast
102078,Rachel Taylor,Southeast
102079,Mark Edwards,Northeast
102080,Christopher Black,Southeast
102081,Sandra Hines,Northeast
102082,Melissa Sparks,Southeast
102083,John Moss,Midwest
102084,Michael Serrano,Southeast
102085,Christina Perry,Southeast
102086,Shawn Duffy,Northeast
102087,Courtney Vaughan,Northeast
102088,Maria Sims,Northeast
102089,Valerie Gonzalez,West
102090,Caroline Morales,International
102091,David Davis,International
102092,Travis Wilson,Midwest
102093,Jessica Mora,West
102094,Michael Wilson,Southeast
102095,Cheryl Atkins,Southwest
102096,Donna Snyder,West
102097,Scott Greene,Southwest
102098,Diane Byrd MD,Southwest
102099,Charles Roberts,Midwest
102100,Luke Solomon,West
102101,Michael Ellis,Southwest
102102,Casey Morris,Southeast
102103,Melissa Reeves,International
102104,Nancy Scott,Northeast
102105,Anthony Cook,International
102106,Terry Barajas,Southwest
102107,Tracy George,Northeast
102108,Amber King,West
102109,Elizabeth Foster,Northeast
102110,Walter Hansen,Southwest
102111,Debbie Gordon,Southwest
102112,Sherry Anderson,West
102113,Joseph Thomas,Southwest
102114,Andrew Anderson,Northeast
102115,Sandy Adkins,Southeast
102116,Diane Mcdowell,Midwest
102117,Pam Baker,Northeast
102118,Steven Stewart,Midwest
102119,Pamela Hernandez DVM,Southeast
102120,Rebecca Brown,Midwest
102121,David Johnson,Midwest
102122,Michael Graham,Southwest
102123,Tammy Williams MD,Southeast
102124,Karina Vasquez,Southwest
102125,Sharon Martinez,Midwest
102126,Sean White,Southeast
102127,Jordan Nelson,Midwest
102128,Laurie Silva,Midwest
102129,Kelly Duncan,Southeast
102130,Billy Tate,Midwest
102131,Stacy Johnson,Northeast
102132,Melanie Long,Southeast
102133,Tiffany Hood,West
102134,Brad Rivas,Midwest
102135,Jordan Moses,Southwest
102136,Abigail Booker,Southeast
102137,Tiffany Nguyen,International
102138,Morgan Bernard,Southwest
102139,Christine Williams,International
102140,Erica Brown,Southwest
102141,Trevor James,Northeast
102142,Christopher Hanna,Midwest
102143,Ann Phelps,Northeast
102144,Richard Mitchell,Southwest
102145,Martha Martinez,West
102146,Jeffrey Drake MD,Southeast
102147,Bonnie Wade,International
102148,Kayla Burns,Northeast
102149,Karen Hart,West
102150,Peter Shepherd,West
102151,Jessica Simmons,Northeast
102152,Glenn Ford,West
102153,Michael Moore,Southwest
102154,Mark Warren IV,Northeast
102155,Terry Woods,Midwest
102156,Carl Leach,Southeast
102157,Kelly Phillips,West
102158,Billy Williams,Northeast
102159,Jeffery Davis,International
102160,Laura King,Southwest
102161,Brad Gordon,Northeast
102162,Matthew White,Southeast
102163,James Miller,West
102164,Elizabeth Matthews,West
102165,Michael Hanson,Midwest
102166,Vincent Savage,Northeast
102167,Cody Burgess,Northeast
102168,Shelby Rodriguez,International
102169,Abigail Wilson,Midwest
102170,John Holt,Southwest
102171,Tracy Guzman,Midwest
102172,Mr. William Ward,International
102173,Melissa Foster,Northeast
102174,Calvin Smith,Northeast
102175,Alan Waller,International
102176,Christine Wong,International
102177,Jessica Garrett,Southeast
102178,Cheryl Turner,Southeast
102179,John Johnson,Midwest
102180,Christian Park,Midwest
102181,Kaitlyn Heath,Northeast
102182,Christina Hudson,Southwest
102183,Amber Smith,Southeast
102184,Michelle Petty,West
102185,Nancy Larson,Northeast
102186,Donna Freeman,Northeast
102187,Mr. Logan Gregory,West
102188,Katherine Klein,Southeast
102189,Jennifer Stewart,West
102190,Steven Butler,Northeast
102191,Johnny Mcmillan,International
102192,Michael Smith,West
102193,Corey Cooper,Southwest
102194,Daniel Stout,Northeast
102195,Lance Kirby,Southeast
102196,Bonnie Carter,Southeast
102197,Toni Whitaker,West
102198,Morgan Flynn,Southeast
102199,Sarah Howell,Northeast
102200,Paul Estrada,Southeast
102201,Curtis Obrien,Southeast
102202,Jason Chaney,Midwest
102203,Daniel Williams,Northeast
102204,Stanley Kelly,Southeast
102205,Ronald Kline,West
102206,Arthur Jordan,Midwest
102207,Barbara Walker,Southeast
102208,Gerald Kelly,West
102209,Shawn Adams,Southwest
102210,Michael Robertson,Southeast
102211,Michelle House,West
102212,Jim Skinner,International
102213,Brian Bishop,Midwest
102214,Theresa Colon,International
102215,Brian Soto,Southwest
102216,Susan Moore,Northeast
102217,Jeremy Hunter,Midwest
102218,Annette Holland,West
102219,Chad Allison,International
102220,Jason Mack,Midwest
102221,Robert Peterson,Northeast
102222,Angela Watson,West
102223,Heather Ortega,Northeast
102224,Paul Fisher,West
102225,Robert Gutierrez,Midwest
102226,Jimmy Phelps,West
102227,Heidi Johnson,Southwest
102228,Adam Drake,West
102229,Angela Edwards,West
102230,Mrs. Amy Malone,West
102231,Margaret Orr,Southwest
102232,Mark Reeves,Southwest
102233,Kelly Phillips,Northeast
102234,Michael Spencer,West
102235,Patrick Blankenship,Northeast
102236,Douglas Rose,Southwest
102237,Melody Griffin,West
102238,Joshua Kramer,Midwest
102239,Melissa Barron,Northeast
102240,Jennifer Gonzalez,Southeast
102241,Andrew Cook,West
102242,Natalie Martinez,Northeast
102243,Diane Davis DDS,Northeast
102244,Nicole Moore,Southwest
102245,Robert Vargas,West
102246,Raymond Barber,Northeast
102247,Mrs. Amy Watson,Southeast
102248,Heather Williams,International
102249,Belinda Evans,West
102250,Jody Bird,West
102251,Virginia Cunningham,Southeast
102252,Lori Ferguson,Southeast
102253,Hayley Mitchell,Northeast
102254,Michelle Chambers,West
102255,Kelly Wright,Northeast
102256,Kevin Carson,Northeast
102257,Brent Dawson,West
102258,Angela Brown,International
102259,Karen Griffin,West
102260,Joseph Chapman,Midwest
102261,Jennifer Baker,Midwest
102262,Mr. Jeremiah Galvan MD,Midwest
102263,Samantha Thomas,Southeast
102264,Michael Anderson,Midwest
102265,Sharon Wilson,Midwest
102266,John Francis,West
102267,Jaclyn Crane,Southwest
102268,Jennifer Martinez,International
102269,Amanda Hernandez,Ne
102270,William Turner,Midwest
102271,Dr. Charles Lawrence,Northeast
102272,Steven Small,Southeast
102273,Robert Burns,Southeast
102274,Gregory Harrell,Northeast
102275,Kenneth Knight,West
102276,Rachael Alvarez,Midwest
102277,Lisa Gill,International
102278,Julia Cole,Northeast
102279,Sean Nguyen,Northeast
102280,Mary Ortiz,Midwest
102281,James Weaver,Northeast
102282,Stacy Fitzgerald,Southeast
102283,Sharon Mann,International
102284,Rebecca Zimmerman,Northeast
102285,Becky Hansen,Northeast
102286,Luke Ray,West
102287,Kelly Lopez,Midwest
102288,Steven Martinez,West
102289,Catherine Smith,Southeast
102290,Danielle Thornton,Southwest
102291,Jill Roman,Northeast
102292,Jennifer Williams,Midwest
102293,Allison Kim,West
102294,Scott Stewart,Southwest
102295,Brian Garcia,Southeast
102296,Charles Scott,West
102297,Eric Russell,Northeast
102298,Lucas Nguyen,Northeast
102299,Anthony Price,Northeast
102300,Jason Nguyen,West
102301,Ronald Martinez,Southeast
102302,Paul Willis,West
102303,Paul Cruz Jr.,Northeast
102304,John Russell,Southwest
102305,Mr. David Mercado,Southwest
102306,Victor Leonard,Northeast
102307,Justin Glover,Northeast
102308,Jason Miller,Northeast
102309,Christina Faulkner,Southwest
102310,William Casey,Southeast
102311,Jessica Buck,West
102312,Aaron Marshall,Midwest
102313,Donna Stanton,Southwest
102314,Timothy Olson,Midwest
102315,Sara James,Midwest
102316,Mark Richards,International
102317,Amber Stevenson,Northeast
102318,Elizabeth Foster,Southwest
102319,Charles Hawkins,Northeast
102320,Jeffrey Bishop,Midwest
102321,Emily Fleming,Sw
102322,Dean Mullins,West
102323,David Bird,West
102324,Joe Greene,Southeast
102325,Michael Lucas,Midwest
102326,John Valenzuela,Southeast
102327,Jennifer Woodard,Midwest
102328,Pamela Medina,Midwest
102329,Mariah Jones,Southeast
102330,Ronnie Powers,Southeast
102331,Heather Hess,Southeast
102332,Heather Thompson,Se
102333,Melissa Smith,Northeast
102334,Timothy Wallace,Southwest
102335,Alejandro Campbell,West
102336,Heather Davis,Northeast
102337,Elizabeth Robbins,West
102338,Johnny Cox,Southwest
102339,Tanner Mann,Southeast
102340,Craig Nicholson,Northeast
102341,Sergio Carroll,Northeast
102342,Juan Keller MD,Northeast
102343,Krystal Jones,West
102344,Austin Green,International
102345,Crystal Mills,Northeast
102346,Cheryl Gregory,West
102347,Melissa Patel MD,Ne
102348,Jordan Pace,West
102349,Terri Williams,West
102350,Jessica Carney,Southeast
102351,Michael Owens,Northeast
102352,Peter Stephenson,West
102353,Donald Fisher,International
102354,Aaron Lee,Southeast
102355,Kenneth Johnson,Northeast
102356,Vanessa Coleman,Northeast
102357,David Martin,West
102358,Mark Davis,West
102359,Robert Watkins,Southwest
102360,Felicia Wright,West
102361,David Peterson,Southwest
102362,Gavin Bauer,Southwest
102363,Patricia Harvey,Southeast
102364,Lori Riley,West
102365,Antonio Johnson,Southeast
102366,Ryan Brown,Southeast
102367,Thomas Ramos,International
102368,Mark Jones,West
102369,Kristin Phillips,International
102370,Brendan Walton,Midwest
102371,Kyle Keller,West
102372,James Pope,Midwest
102373,Lisa Morgan,Northeast
102374,Rachel Gibson,Southeast
102375,Corey Garcia,Midwest
102376,Andrea Clarke,Northeast
102377,Kenneth Walsh,International
102378,Jason Hardy,Northeast
102379,David Robles,Northeast
102380,Eric Graham,West
102381,Nicole Collins,Northeast
102382,Patricia Hernandez,International
102383,Grant Wood,West
102384,Kevin Gregory,Northeast
102385,Jonathon Conley,West
102386,Jennifer Gonzalez,West
102387,Terry Glover,West
102388,Michael Neal,Southwest
102389,Ms. Erin Lane,West
102390,Lisa Barnes,West
102391,Jesse Mccormick,Southeast
102392,Daniel Smith,West
102393,David Hanson,International
102394,Nicholas Cisneros,West
102395,Patrick Harris,West
102396,William Cox,Midwest
102397,Alvin Wilson,West
102398,Cory Willis,International
102399,Amanda Johnson,Northeast
102400,Christopher Mcclure,Northeast
102401,Gina Spencer,West
102402,Alex Cameron,Midwest
102403,Alisha Byrd,West
102404,Richard Rodriguez,Northeast
102405,Elizabeth Allen,Midwest
102406,Mary Pugh,West
102407,Yolanda Keith,West
102408,Ana Thomas,West
102409,Rebecca Lee,West
102410,James Greene,West
102411,Dana Williams,Southwest
102412,Chelsea Nichols,West
102413,Erin Brown,West
102414,Shelley York,West
102415,Stacey Clark,Northeast
102416,John Alvarado,Southeast
102417,Jordan Potter,Midwest
102418,Katrina Jimenez,Southwest
102419,Frank Brooks,West
102420,Michelle Simpson,Northeast
102421,James Morse,West
102422,Amanda Robinson,Southeast
102423,Scott Foster,West
102424,Stephen Duncan,Southwest
102425,Jacqueline Pierce,West
102426,Bradley Wallace,West
102427,Kevin Marshall,Southeast
102428,Jessica Mcdonald,Midwest
102429,Robert Stewart,Southwest
102430,Christopher Hall,West
102431,Heather Miller,Midwest
102432,Kayla Schneider,Southeast
102433,Tammy Garcia,Northeast
102434,Andrew Gonzalez,Northeast
102435,Gary Turner,Northeast
102436,Melinda Hill,Southeast
102437,Yolanda Murillo,International
102438,Nancy Gaines,Midwest
102439,Elijah Short,Southeast
102440,Jennifer Sullivan,Northeast
102441,Mary Kennedy,Southeast
102442,Paige Hernandez,Southwest
102443,Darrell Curry,Midwest
102444,Jose Hartman,Southwest
102445,Miranda Murray,Southwest
102446,Emily Lopez,Northeast
102447,Melissa Clark,West
102448,Justin Brooks,International
102449,Bethany Harding,Midwest
102450,Robert Flowers,Northeast
102451,Jason Jennings,International
102452,Richard Medina,Southwest
102453,Alexander Floyd,Midwest
102454,Brittany Cisneros,West
102455,Mark Morrison,Ne
102456,Sharon Baird,Southwest
102457,James Ferguson,Midwest
102458,Brian Hudson,Northeast
102459,Steven Davis,West
102460,Juan Johnson,International
102461,Katherine Lopez,Southwest
102462,Victor Campbell,Se
102463,Matthew Jones,Northeast
102464,Joseph Jackson,International
102465,Jennifer Moore,International
102466,Joshua Mendoza,West
102467,Troy Glenn,West
102468,Daniel Reynolds,Midwest
102469,Karen Munoz,Midwest
102470,Laurie Shaw,Northeast
102471,Desiree Smith,Northeast
102472,Austin Ross,Southeast
102473,Kelly Kent,Southwest
102474,Julia Johnston,Northeast
102475,Donna Ibarra,Southeast
102476,Michael Dawson,West
102477,Louis Patrick,Northeast
102478,David Yoder,Northeast
102479,Judith Bartlett,West
102480,Keith Long,Southeast
102481,Cynthia Harrell,West
102482,Mark Carter,International
102483,Melissa Bowen,Northeast
102484,Johnny Riddle,International
102485,Whitney Jones,International
102486,Randall Nguyen,Southwest
102487,David Hunter,West
102488,Benjamin Neal,West
102489,Jane Reese,West
102490,Jennifer Smith,West
102491,Thomas Murphy,Northeast
102492,Kari Jones,International
102493,Dana Dodson,West
102494,Robert Skinner,Southwest
102495,Albert Garcia,Southeast
102496,Joseph Myers,Ne
102497,Phillip Byrd,Midwest
102498,Hunter Robinson,Midwest
102499,Michael Robinson,Midwest
102500,Sara Cain,Southeast
102501,Michelle Prince,Southeast
102502,Eric Williams,Midwest
102503,Raymond Wang,Southeast
102504,Jade Allen,International
102505,Javier Hays,Northeast
102506,Corey Caldwell,Southeast
102507,Stephen Robles,Southeast
102508,Carol Jackson,West
102509,Brian Murphy,Midwest
102510,Chelsey Clark,West
102511,Teresa Martinez,International
102512,Howard Thompson,Southeast
102513,Eugene Price,West
102514,Austin Briggs,Northeast
102515,Jackie Jones,Southeast
102516,Eric George,Midwest
102517,Mrs. Kimberly Mooney,Northeast
102518,Carolyn Haley,West
102519,Vicki Horton,West
102520,Valerie Benson,West
102521,Mark Henson,Midwest
102522,Samuel Olson,West
102523,Lee Richards,Midwest
102524,Martin Hall,Northeast
102525,Virginia Hall,Northeast
102526,Stephanie Parker,West
102527,Nicole Harvey,International
102528,James Phillips,Northeast
102529,Dan Johnson,West
102530,Linda Bautista,West
102531,Erin Ramirez,Southwest
102532,Paige Meyer,West
102533,Maria Roberts,West
102534,Ryan Rivera,West
102535,Joshua Knox,Southwest
102536,Danielle Mcdaniel,Northeast
102537,Lisa James,International
102538,Jeremy Smith,Northeast
102539,Andrea Lee,Southwest
102540,Brenda Harris,Ne
102541,Kevin Guerra,Northeast
102542,Cynthia Miller,Northeast
102543,Emily Griffith,Midwest
102544,Christopher Wright,Southeast
102545,Jerome Reid,Northeast
102546,Richard Miller,Midwest
102547,Jennifer Jackson,Midwest
102548,Jonathan Moss,West
102549,Sally Leon,Southwest
102550,James Dickerson,West
102551,Tammy Larson,Northeast
102552,Nicholas Scott,Southeast
102553,Jesse Brooks,International
102554,Andrea Taylor,Northeast
102555,Christopher Lopez,Midwest
102556,Jonathan Swanson,International
102557,Timothy Bentley DVM,International
102558,John Davidson,Midwest
102559,Jennifer Williams,West
102560,Janice Cunningham,Midwest
102561,Jeffrey Scott,West
102562,Miranda Hicks,Northeast
102563,Michael Horton DDS,Northeast
102564,Nancy Allen,West
102565,Robert Mccoy,Southeast
102566,Melissa Brewer,West
102567,Jesus Becker,Southeast
102568,Lance Lynn,Southwest
102569,Alexandria Wise,Southwest
102570,Sydney Sanders,Midwest
102571,Stephanie Stone,Southwest
102572,Jay Gallegos,Southeast
102573,Eric Ponce,Midwest
102574,Janet Parker,Northeast
102575,Shawn Luna,Southwest
102576,Mark Frank,Southwest
102577,Charles Goodman,International
102578,Jennifer Parker,Southwest
102579,Dr. April Jones,International
102580,Kelly Pena,Southeast
102581,Carolyn Brooks,International
102582,Christina White,West
102583,Joanne Olsen,Midwest
102584,Anthony White,West
102585,Deanna Barrera,Southeast
102586,Mark Weber,Southeast
102587,Carol Carter,Southeast
102588,Donald Peterson,Northeast
102589,Karen Chambers,Midwest
102590,Antonio Walton,Southwest
102591,Kevin Huerta,West
102592,Joseph Smith,Midwest
102593,Victoria Juarez,Midwest
102594,Kara Rogers,Midwest
102595,Jacob Wu,Northeast
102596,Dr. Teresa Ortega MD,Southwest
102597,Henry Rivera,Northeast
102598,Jesus Hale,West
102599,Stacy Taylor,West
102600,Sheila Ramirez,West
102601,Robin Richardson,Southwest
102602,Mary Alvarez,Southeast
102603,Cole Andersen,Southwest
102604,Robin Smith,West
102605,Angel Aguirre,Southwest
102606,Jeremy Lawson,West
102607,Lonnie Miller,Southwest
102608,Timothy Galvan,International
102609,Dr. Susan Navarro,Midwest
102610,Cory Thomas,Southwest
102611,Laura Vincent,West
102612,Bethany Robles,Midwest
102613,Michael Dunn,International
102614,Carol Griffin,Midwest
102615,Matthew Allen,West
102616,Paul Keller,Northeast
102617,Jeffrey Baldwin,Southeast
102618,Timothy Orr,Southwest
102619,Connie Scott,Midwest
102620,Steven Martinez,Midwest
102621,Joseph Swanson,Southeast
102622,Michael Wiggins,Midwest
102623,Pamela Burke,Southwest
102624,Jamie Love,Southwest
102625,Jane May,Northeast
102626,Savannah Stokes,West
102627,Brian Miller,Midwest
102628,Patrick Pineda,West
102629,Audrey Richardson,Midwest
102630,Tiffany Ray,Midwest
102631,Antonio Nichols,Midwest
102632,Veronica Flores,West
102633,Michael Hogan,Midwest
102634,Lindsay Walker,Midwest
102635,Joshua Murray,Southwest
102636,Tommy Hood,West
102637,Mr. Kyle Thomas DDS,Southeast
102638,Michele George,Southwest
102639,William Martinez,Southwest
102640,Michelle Mendoza DVM,Northeast
102641,Michael Bennett DVM,West
102642,Ronald Clark,Southeast
102643,Rita Graves,West
102644,Sean White,Southeast
102645,Mr. William Hopkins,West
102646,Wendy Kelley,Southeast
102647,Michael Mooney,Midwest
102648,Jeanne Rose,International
102649,Michael Lee,Midwest
102650,Jennifer Anderson,Southwest
102651,Lauren Trujillo,International
102652,Michelle Ellis,Southwest
102653,Chad Dominguez,Northeast
102654,Charles Robinson,Southwest
102655,Nancy Smith,Northeast
102656,Laura Gregory,Midwest
102657,Brittany Clements MD,Southwest
102658,Tammy Davis,West
102659,Catherine Williams,West
102660,Miss Leslie Booker,Midwest
102661,Jennifer Johnson,Southwest
102662,John Watts,West
102663,Marissa Bennett,Midwest
102664,Rebecca Barrett,Southwest
102665,Sharon Santos,Southeast
102666,Matthew Richardson,Northeast
102667,Bradley Burns,West
102668,Katrina Johnson,International
102669,Laura Hill,Southeast
102670,Rebecca White,Southeast
102671,Mr. Jeffrey Duncan,Northeast
102672,Arthur Stout,Southwest
102673,Cathy Hess,Southeast
102674,Justin Herrera,Midwest
102675,Katherine Stone,International
102676,Michelle Tyler,Northeast
102677,Paul Sheppard,West
102678,Catherine George,Midwest
102679,Justin Mcbride,Southwest
102680,Carl Harris,Southeast
102681,Justin York,Midwest
102682,William Hunter,Northeast
102683,Joshua Henderson,West
102684,April Turner,Southwest
102685,Kelly Patton,Northeast
102686,Jill Ray,Midwest
102687,Kelly Andersen,Southwest
102688,Joshua Clark,Northeast
102689,Robert Young,Southeast
102690,Elijah Wall,West
102691,Lindsey Robinson,Southeast
102692,Carl Dean,Southeast
102693,David James,Midwest
102694,Jennifer Miller,Northeast
102695,Jeffery Neal,Midwest
102696,Andrea Oconnor,West
102697,Melissa Lee MD,West
102698,Samantha Jacobs,Northeast
102699,Christian Riddle,Southwest
102700,Alexander Munoz,Northeast
102701,Caleb Rodriguez,West
102702,Andrea Bowman,Southeast
102703,Gavin Nelson,Southwest
102704,Courtney Smith,Northeast
102705,Wayne Gray,Northeast
102706,Timothy Thompson,Midwest
102707,Elizabeth Nicholson,Northeast
102708,Joseph Graves PhD,Southeast
102709,Lisa Mosley,West
102710,Travis Price,Southwest
102711,Patrick Faulkner,Northeast
102712,Linda Atkinson,Southwest
102713,Cameron Smith,Southwest
102714,Brittney Martinez,Southwest
102715,Nicolas Brown,West
102716,Vanessa Zimmerman,West
102717,Lee Mann,Midwest
102718,William Lindsey,West
102719,Desiree Patterson,International
102720,Sierra Cervantes,Northeast
102721,Scott Meza,Southeast
102722,Erik Davis,Northeast
102723,Nicholas Duffy,International
102724,Anthony Paul,Midwest
102725,Katherine Baxter,West
102726,Jessica Romero,Southwest
102727,Karen Robertson,International
102728,Dr. Melissa Sullivan DDS,Northeast
102729,Nichole Klein,Southwest
102730,Nicole Sanchez,Southwest
102731,Tiffany Morrow,Northeast
102732,Kelsey Lynch,West
102733,Traci Craig,Southeast
102734,Kelly Walker,West
102735,Ryan Palmer,Midwest
102736,Jenny Gray,Southeast
102737,Brian Sloan,Northeast
102738,Joshua Miranda,Northeast
102739,Edwin Carter,Northeast
102740,Oscar Carroll,West
102741,Eric Fitzpatrick,Southeast
102742,Samantha Johnson,Northeast
102743,Luke Freeman,West
102744,Luis Murphy,West
102745,Aaron Zamora,West
102746,Henry Garcia,International
102747,Bradley Robertson Jr.,Midwest
102748,John Moore,Southwest
102749,Courtney Foster,Northeast
102750,Jeffrey White,West
102751,Ashley Gonzales,International
102752,Candice Gomez,Southwest
102753,Ian Harrell,West
102754,Colton Williams,West
102755,Patrick Santana,Southeast
102756,Cristian Mendoza,West
102757,Deborah Fisher,Southwest
102758,Rebecca Klein,International
102759,Phillip Macias,Midwest
102760,Tammy Cameron,Northeast
102761,Brian Rodriguez,West
102762,Christopher Porter,Northeast
102763,Cynthia Gregory,Southeast
102764,William Mclaughlin,Southeast
102765,Dylan Tucker,West
102766,Danielle Hernandez,Northeast
102767,Danielle Wang,Northeast
102768,Wendy Wright,Northeast
102769,Christina Mccarthy,Southwest
102770,Meredith Shaw,West
102771,Willie Garza,Northeast
102772,Crystal Anderson,Northeast
102773,William Hickman,West
102774,Luis Davis,Southeast
102775,Jason Torres,West
102776,Crystal Rogers,Midwest
102777,Jordan Schneider,International
102778,Derrick Ramirez,Southeast
102779,Jason Flores,West
102780,Andrew Williams,Northeast
102781,Christy Kennedy,International
102782,Ashlee Lopez,International
102783,Heidi Torres,West
102784,Adam Arnold,Midwest
102785,Erin Figueroa,Northeast
102786,Richard Rice,Southwest
102787,Matthew Clark,West
102788,Stephen Anderson,Southeast
102789,Barbara Willis,Midwest
102790,Martha Lee,Midwest
102791,Tammy Jones,Southwest
102792,Grace Swanson,West
102793,Christina Le MD,West
102794,Joshua King,West
102795,Sarah Meadows,Southeast
102796,Stephanie West,Southeast
102797,Susan Jones,Northeast
102798,Timothy Gordon,Southwest
102799,Kyle Horton,Midwest
102800,Angel Knight,Midwest
102801,Melissa Yang,Southeast
102802,Michael Berg,Northeast
102803,Carol Christensen,West
102804,Richard Morales,Southeast
102805,Clinton Moore,Northeast
102806,Michael Suarez,West
102807,Joy Zimmerman,Southeast
102808,Elizabeth Robinson,Midwest
102809,Kristen Jackson,Midwest
102810,David Williams,Southwest
102811,Stephen Ho,Southeast
102812,Richard Day,West
102813,Rodney Nichols,International
102814,Gregory Jacobs,West
102815,Bradley Thornton,Midwest
102816,Miranda Ortiz,West
102817,Erika Brown,Midwest
102818,Samantha Robinson,Midwest
102819,Cassandra Bonilla,Midwest
102820,Veronica Osborne,Southeast
102821,Ashley Reese,Northeast
102822,Matthew Berg,Midwest
102823,Kristen Montoya,Northeast
102824,Derrick Perkins,Midwest
102825,Nicole Moore,West
102826,Nicholas Richardson,International
102827,Anna White,Northeast
102828,Scott Lopez,West
102829,Nicholas Holland Jr.,Midwest
102830,Christopher Long,Northeast
102831,Andrea Jones,Southeast
102832,Terry Waller,Northeast
102833,Joseph Acosta,Northeast
102834,Lindsey Gray,Southeast
102835,Ronald Hines,Midwest
102836,Amanda Wright,Midwest
102837,Charles Burton,Northeast
102838,Vincent Rosario,Northeast
102839,Noah Morgan,Northeast
102840,Christina Castillo,West
102841,Jill Martin,Southeast
102842,Christopher Brown,West
102843,Lori Martinez,Southeast
102844,Ashley Phillips,Northeast
102845,Sara Thomas,International
102846,Allison Simmons,Northeast
102847,Matthew Perez,Northeast
102848,Janice Henson,Northeast
102849,Ashley Jackson,International
102850,Brian Sosa,West
102851,Luis Wilson,West
102852,Tamara Huang,International
102853,Cassandra Moreno,Ne
102854,Meghan Hernandez,International
102855,Elizabeth Roth,Northeast
102856,Brian Hendricks,West
102857,Tasha Cochran,Midwest
102858,Angela Smith,Midwest
102859,Brittany Rios,International
102860,James Griffith,Northeast
102861,Karen Jones,International
102862,Tina Ramirez,Southeast
102863,Zachary White,West
102864,Francisco Coleman,International
102865,Jennifer Leon,Northeast
102866,Robert Valdez,International
102867,Jason Crawford,West
102868,Kim Underwood,West
102869,Kevin Fisher,Northeast
102870,Melissa Goodman,West
102871,Cynthia Smith,West
102872,Alicia Grant DVM,Midwest
102873,Amy Bailey,Northeast
102874,Sharon Fuentes,Southeast
102875,Charles Castaneda,Southwest
102876,Susan Sanchez,Northeast
102877,Amy Taylor,West
102878,Michele Bennett,International
102879,Vincent Watson,Northeast
102880,Mary Jones,Northeast
102881,Sheila Johnson,West
102882,Bob Jones,Northeast
102883,Robin Hernandez,West
102884,Patrick Adkins,West
102885,Elizabeth Jenkins,West
102886,Richard Dominguez,Southeast
102887,Christopher Ibarra,West
102888,Paul Gordon,West
102889,Ronnie Frazier,Northeast
102890,Kristen Gallegos,West
102891,Kathryn Fletcher,Southwest
102892,Christopher Dudley,West
102893,Vanessa Martinez,Midwest
102894,Manuel Robinson,Southeast
102895,Paul Hansen,Northeast
102896,Rose Mcdonald,Southeast
102897,Martin Wilcox,Ne
102898,Robert Lucas,International
102899,Brian Miller,Southeast
102900,Sarah Johnson,Southwest
102901,Joshua Jones,Northeast
102902,Nicole Parker,Southeast
102903,Margaret Johnson,Midwest
102904,William Cunningham,Southeast
102905,Rachel Williams,Southwest
102906,Tony Smith,International
102907,Douglas Sanders,Southwest
102908,Paul Swanson,Northeast
102909,Michele Davis,Southwest
102910,Patrick Garcia,Northeast
102911,Brittany Matthews,International
102912,Kevin Christian,Midwest
102913,Christian Ford,Southeast
102914,Anna Higgins,Northeast
102915,Rhonda Pena,Ne
102916,Candace Stuart,Southeast
102917,Monica Curtis,International
102918,Gloria Floyd,Southwest
102919,Isaac Chase,International
102920,Steven Schroeder,Northeast
102921,Daniel Bishop,West
102922,Christian Burton,Southeast
102923,Robert Thomas PhD,West
102924,Tracy Harrington,Southeast
102925,Brandon Edwards,Southeast
102926,Candice Ramirez,West
102927,Brandon White,Northeast
102928,Deanna Kennedy,Midwest
102929,Shawn Santos,West
102930,Caleb Carroll,Northeast
102931,Scott Morales,International
102932,Sylvia Anderson,Midwest
102933,Ryan Crane,Southwest
102934,Michael Hunter,West
102935,Shawn Fleming,West
102936,Maria Figueroa,West
102937,Roberto Smith,Southwest
102938,Donna Moore,West
102939,Benjamin Price,Southeast
102940,Brandon Owens,Northeast
102941,Stephanie Marshall,West
102942,Nicholas Lowery,Northeast
102943,Patricia Gonzalez,Southeast
102944,Evan Davies,Northeast
102945,Dr. John Ramirez,West
102946,Christopher Harrison,Northeast
102947,Erica Johnson,West
102948,Jamie Mayer,Southwest
102949,Jeffrey Kennedy,Southwest
102950,Sean Cisneros,Southeast
102951,Debra Reid,West
102952,Benjamin Sullivan,West
102953,Michael Savage,Midwest
102954,Mckenzie Green,West
102955,Anna Valenzuela,Northeast
102956,Paul Martin,International
102957,Jason Alvarez,Northeast
102958,Caitlyn Horton,Southwest
102959,Michael Price,West
102960,Richard Harper,Southeast
102961,Michael Jensen,West
102962,William Mcmillan,Northeast
102963,Nancy Stewart,Southwest
102964,Jimmy Hernandez,West
102965,Ashley Cordova,Northeast
102966,Joseph Smith,Northeast
102967,Ronnie Martinez,West
102968,Wayne Davis,Southeast
102969,William Fisher,Southwest
102970,Carol Gray,West
102971,Tristan Bonilla,West
102972,Alexis Cervantes,Southeast
102973,Steven Shaw,West
102974,Melissa Banks,International
102975,Jason Bell,Northeast
102976,Kelly Hubbard,Southeast
102977,Christopher Patterson,Southeast
102978,Kurt Daniels,Midwest
102979,Ryan Barker,West
102980,Douglas Oliver,Midwest
102981,Shannon Cowan,West
102982,Ashley Banks,Southeast
102983,Jennifer Crawford,Northeast
102984,Tammy Garcia,Southeast
102985,Kevin Johnson,Southwest
102986,Jason Walker,West
102987,James Gonzalez,Southeast
102988,Caleb Ponce,Southwest
102989,Jennifer Hoover,Northeast
102990,Natalie Smith,Southeast
102991,Danny Campbell,Southeast
102992,Deborah Roberson,International
102993,Jennifer Allen,West
102994,Jennifer Smith,West
102995,James Montoya,Ne
102996,Lindsay Rogers,Northeast
102997,Wendy Allen,West
102998,Cheryl Newman,Southeast
102999,Rebecca Lane,International
103000,Mark Madden,West
103001,Tanner Holmes,Midwest
103002,Brett Owen,West
103003,Lynn Mueller,International
103004,Lori Green,Midwest
103005,Tiffany Harris,West
103006,Jeffrey Fuller,International
103007,Alyssa Zimmerman,Southeast
103008,Angela Reyes,Southwest
103009,Bianca Chavez,Northeast
103010,Heather Allen,West
103011,Elizabeth Nichols,Southwest
103012,Richard Hartman,West
103013,Mary Hill,Midwest
103014,Lori Little,West
103015,Ashley Stevens,Northeast
103016,Ashley Campbell,Northeast
103017,Anna Snyder,Southeast
103018,Ryan Myers,West
103019,Alex Jones DVM,Midwest
103020,Michael Brooks,Southeast
103021,Terry Stokes,Southwest
103022,Adam White,Southeast
103023,Lisa Johnson,Midwest
103024,Wendy Webb,Midwest
103025,Kimberly Moore,Northeast
103026,Tammy Lee,West
103027,Alexander Hunt,Midwest
103028,Sean Wilson,Northeast
103029,Garrett Robinson,International
103030,Teresa Adams,Southwest
103031,Dr. Gregory Arnold,West
103032,Patrick Simpson,Southwest
103033,Jennifer Lee,International
103034,Michael Clay,Southeast
103035,James Silva,West
103036,Emily Bauer,West
103037,Katherine Andrade,Southeast
103038,Paul Cabrera,Southeast
103039,Lisa Patterson,Northeast
103040,Jacqueline Chen,West
103041,Christopher Johnson,Southwest
103042,Laurie Carter,West
103043,Maria Sanford,Southeast
103044,Allen White,Northeast
103045,Richard Howard,Midwest
103046,Matthew Watson,West
103047,Barbara Flores,International
103048,Gary Marshall,Southwest
103049,Stephanie Hoffman,International
103050,Lance Rose,Southwest
103051,Donald Franklin,International
103052,Shannon Jones,Midwest
103053,Jennifer Avila,Northeast
103054,Francisco Gonzalez,Northeast
103055,Kathleen Mooney,Midwest
103056,Caleb Jackson,Southeast
103057,James Ray,Northeast
103058,Mason Chase,International
103059,Susan Mitchell DVM,Northeast
103060,Steven Hull,International
103061,Matthew Jones,West
103062,Robert Cummings,West
103063,Paul Ross,West
103064,Emily Salazar,Southeast
103065,Michael Gibson,West
103066,Tracy Martinez,Northeast
103067,Luke Johnson,International
103068,Adam Garcia,Southeast
103069,Michael Graham,Southeast
103070,Corey Barrera,West
103071,Steven Mayo,West
103072,Shawna Green,Midwest
103073,Ashley Valentine,West
103074,Gary Salazar,Northeast
103075,Debra Jackson,West
103076,Joe Martinez,Southeast
103077,Nicole Barron,Southeast
103078,Jennifer Griffin,Northeast
103079,Joseph Lane,Southeast
103080,Vanessa Morris,Southeast
103081,Courtney Baker,Midwest
103082,Bradley Hansen,Northeast
103083,Mary Moss,Northeast
103084,Blake Bonilla,West
103085,Adam Robinson,Northeast
103086,Chelsea Garcia,West
103087,Kevin Rose,International
103088,Paige Collins,Midwest
103089,Christian Wagner,International
103090,Colleen Cox,Ne
103091,Shawna Palmer,Northeast
103092,Chelsea Ramirez,West
103093,Eric Kane,West
103094,Bridget Walter,Southwest
103095,Cynthia Shannon,Northeast
103096,Allen Stanley,Southwest
103097,Derek Mcintosh,Southeast
103098,Jeffrey Hernandez,Southeast
103099,Katie Brown,Northeast
103100,Brent Wong,International
103101,Jenny Carter,Northeast
103102,Kirk Moreno,Southwest
103103,Jeffrey Maldonado DDS,West
103104,Colleen Brown,West
103105,Derek Jones,West
103106,Darrell Oliver,Southwest
103107,Jenna Garcia,Northeast
103108,Sherry Adams,Northeast
103109,Richard Bailey,West
103110,Kyle Gross,Southeast
103111,Jonathan Graves,Northeast
103112,Eric Knox,Northeast
103113,Ethan Jones,Southeast
103114,Steven Thomas,Northeast
103115,John Cook,Northeast
103116,Dennis Jones,International
103117,Sarah Wheeler,Southeast
103118,Lauren Freeman,International
103119,Brian Fuentes,International
103120,Wanda Conley,Northeast
103121,Carol Thomas,West
103122,Eric Fitzgerald,West
103123,Nicholas Fritz,West
103124,John Diaz,Northeast
103125,Harold Mckinney,Northeast
103126,Patricia Vincent,Northeast
103127,Linda Rodriguez,West
103128,Monica Smith,International
103129,Selena Hopkins,West
103130,Jonathan Sanchez,West
103131,Valerie Howard,International
103132,Cheryl Blevins,West
103133,Tracie Wiley,Northeast
103134,Stephanie Cole,Southwest
103135,Kelsey Baker,Southeast
103136,Stacy Myers,Northeast
103137,Xavier Parker,Midwest
103138,Joseph Cooper,International
103139,Jessica Gibson,Southeast
103140,Rebecca Roberts,Midwest
103141,Kathryn Jennings,Northeast
103142,Chris Levy,Northeast
103143,Mary Torres,Northeast
103144,Robert Smith,West
103145,Douglas Watkins,Southwest
103146,Eric Jordan,Northeast
103147,April King,Southeast
103148,Douglas Trevino,Northeast
103149,Patricia Moore,Northeast
103150,Devin Ferrell,West
103151,Kevin Miller,West
103152,John Gomez,West
103153,Mandy Henderson,Midwest
103154,Annette Green,West
103155,Eric Elliott,Northeast
103156,Erica Lane,Northeast
103157,Christina Taylor,International
103158,Elizabeth Miller,West
103159,Lori Gardner,International
103160,Shawn Kim,International
103161,Jeremy Edwards,West
103162,Michelle Mcdonald,International
103163,Jason Jenkins,Midwest
103164,Justin Bernard,Northeast
103165,Peter Gilbert,Northeast
103166,David Hunt,Ne
103167,Joshua Cunningham,Northeast
103168,Pedro Long,Southeast
103169,Aaron Aguirre,West
103170,Julia Brown,Southwest
103171,Ronald Santos,West
103172,Brent Roberts,Northeast
103173,Mr. Antonio Yang,West
103174,Nancy Brown,Southeast
103175,Charles Yang,Northeast
103176,Danny Lowe PhD,Southeast
103177,Eric Hays,Southeast
103178,John Watts,Southeast
103179,Aaron Munoz,Southwest
103180,Brent Harris,West
103181,Ross Wallace,West
103182,Bryan Sullivan,Northeast
103183,Dr. Sarah Payne,Southwest
103184,Melanie Villarreal,West
103185,Jessica Fields,Ne
103186,Robert Sandoval,West
103187,Patrick Payne,Midwest
103188,Dylan Contreras,Midwest
103189,Katherine Contreras,Northeast
103190,Michael Rodriguez,Midwest
103191,Jeffery Johnson,Northeast
103192,Justin Smith,Northeast
103193,Matthew Barry,Northeast
103194,Amanda Meadows,International
103195,Julie Sharp,Southeast
103196,William Howard,Southeast
103197,Kathy Bailey,Southeast
103198,Jeanette Brown,Southwest
103199,Heather Ball,West
103200,Mike Buchanan,International
103201,Phillip Turner,Southeast
103202,Thomas Brewer,Northeast
103203,John Hopkins,West
103204,Tammy Rowe,Southeast
103205,Beverly Nguyen,Southwest
103206,Hannah Williamson,Southwest
103207,Andrew Christian,Midwest
103208,Brent Rodriguez,International
103209,Karen Wolf,West
103210,Dr. Morgan Young,Southeast
103211,Carrie Stafford,Midwest
103212,Jennifer Brown,Northeast
103213,Ashley Bradford,Southwest
103214,Phillip Obrien,Northeast
103215,Tammy Morris,Southeast
103216,Jamie Zhang,West
103217,Christina King,Northeast
103218,Dustin Harris,Northeast
103219,Robert Stokes,West
103220,Kevin Soto,Northeast
103221,Christina Patrick,Midwest
103222,Heather Russell,Southeast
103223,Andrea Lopez,Southeast
103224,Susan May,Northeast
103225,Ronnie Hudson MD,West
103226,Luke Hansen,International
103227,Austin Patterson,Northeast
103228,Benjamin Miller,International
103229,Elizabeth Wilson,West
103230,Kyle Rivera,West
103231,Todd Nielsen,West
103232,Michael Jones,West
103233,Tracy Jones,Southwest
103234,Sarah Frederick,Midwest
103235,Jennifer Brown,West
103236,Ashley Ruiz,Southeast
103237,Deborah Johnson,Northeast
103238,Dean Cook,West
103239,Brenda Payne,Northeast
103240,Tammy Alvarado,Southeast
103241,Cynthia Jones,Northeast
103242,Sue Warner,Northeast
103243,Amanda Zavala,West
103244,Linda Salazar,West
103245,Juan Potts,Midwest
103246,Andrew Johnson,Northeast
103247,Marie Reynolds,Midwest
103248,Samuel Mata,Southeast
103249,Anthony Ayala,West
103250,Kimberly Dalton,West
103251,Nancy Tran,Midwest
103252,Ralph Dominguez,Midwest
103253,Jeffery Taylor,International
103254,Steven Haas,West
103255,Cory Kim,Midwest
103256,David Chapman,Midwest
103257,Paul Beasley,Northeast
103258,Laura Ritter,International
103259,Nathan Hess,Southeast
103260,Cameron White,Southeast
103261,Gregory Rios,International
103262,Eduardo Obrien,West
103263,Bryan Jones,Northeast
103264,Joshua Simpson,Northeast
103265,Heather Herman,Northeast
103266,Micheal Pugh,West
103267,Eileen Valdez,Northeast
103268,Debra Wolfe,International
103269,Amy Mccullough,International
103270,Lisa Ramirez,West
103271,Chad Daugherty,West
103272,Patrick Clark,Southeast
103273,Robert Thomas,Northeast
103274,Melissa Santos,West
103275,Brian Porter,Northeast
103276,Donald Cruz,Northeast
103277,Angela Ramirez,Southeast
103278,Kathleen Roy,Northeast
103279,Andrew Harris,Midwest
103280,Jeffrey Williams,West
103281,Joshua Bailey,Southwest
103282,Lee Barry,West
103283,Susan Patrick,Southwest
103284,Nicole Peterson,Midwest
103285,Jessica Patterson,Southwest
103286,Nancy Brown,Midwest
103287,James Griffith,Southeast
103288,Shannon Hurley,International
103289,Kenneth Carroll,Southeast
103290,Carla James,Northeast
103291,Tammy Anderson,Southeast
103292,Robert Tapia,Southeast
103293,David Daniels,Southeast
103294,James Gilbert,Midwest
103295,Matthew Patton,Southwest
103296,Lisa Martinez,Southeast
103297,Erica Baker,Midwest
103298,Joel Gonzales,Southeast
103299,Vincent Castillo,Southwest
103300,Claudia Brown,Northeast
103301,Destiny Bishop,Northeast
103302,Austin White,Midwest
103303,Desiree Booth,West
103304,Mark Thomas,Southwest
103305,Amber Wilson,West
103306,Michael Valencia,Southwest
103307,Amanda Love,Midwest
103308,Miguel Green,Northeast
103309,Michael Mathews,Northeast
103310,Nathan Burke,Northeast
103311,Billy Wallace,Southeast
103312,Cynthia Nguyen,Midwest
103313,Rodney Perry,Southeast
103314,Sherri Thomas,West
103315,Richard Rogers,Midwest
103316,Matthew Ruiz,West
103317,Lisa Martin,West
103318,Timothy Buck,Southeast
103319,Lee Morton,Southeast
103320,Priscilla Romero,West
103321,Hailey Lewis,West
103322,Amanda Barber,Southeast
103323,Zachary Miller,Southeast
103324,Timothy Walker,West
103325,Laura Kelley,West
103326,Nicholas Abbott,Northeast
103327,Amber Kennedy,Midwest
103328,Jessica Adams,Southwest
103329,Eileen Sanchez,Northeast
103330,Randall Cox,Southwest
103331,Paul Wilson,Northeast
103332,Nicholas Beard,Midwest
103333,Harold Wagner,Midwest
103334,Martha Jacobs,Northeast
103335,Jason Hudson,International
103336,Beth Medina,Midwest
103337,Jennifer Richards,International
103338,David Mitchell,Southeast
103339,Brad Fisher,Southwest
103340,Ms. Mackenzie Barton,International
103341,Sherri Smith,West
103342,Dennis Spencer,Northeast
103343,Natalie Martinez,West
103344,Jeffrey Vaughn,West
103345,Brandi Camacho DVM,International
103346,Heather Morales,Midwest
103347,Michelle Wilson,Southeast
103348,Stephanie Vargas,Northeast
103349,Wendy Williams,West
103350,Heather Cole,International
103351,Jerry Davenport,Northeast
103352,John Taylor,West
103353,Ralph Hendricks,International
103354,Angela Huang,Northeast
103355,Jacqueline Banks,Northeast
103356,Jeffrey Romero,West
103357,Theresa Davis,West
103358,Glenn Elliott,Northeast
103359,Lauren Anthony,Southwest
103360,Frank Flores,Midwest
103361,Charles Cervantes,International
103362,Virginia Clark,Southwest
103363,Laura Gilbert,Southwest
103364,Dustin Wilson,Midwest
103365,Jeffrey Mcclure,Southeast
103366,Thomas Zhang,Midwest
103367,Tammy Estrada,Northeast
103368,Daniel Roberson,West
103369,Alyssa Orr,Northeast
103370,Kimberly Lloyd,Midwest
103371,Ronnie Johnson,Northeast
103372,Tom Duncan,Southeast
103373,Kelly Guerra,Southeast
103374,Brian Mccarthy,West
103375,Jill Reynolds,Southwest
103376,Sean Kaiser,Northeast
103377,Audrey Gomez,Southwest
103378,Ricky Luna,Sw
103379,Jonathon Hill,Southeast
103380,Kayla Waters,West
103381,Emily Middleton,Midwest
103382,Timothy Bauer,Northeast
103383,Ryan Guerrero,Midwest
103384,Amanda Walters,Northeast
103385,Chad Bennett,Southwest
103386,Megan Baker,International
103387,Robert Gross,Southwest
103388,Craig Liu,West
103389,Shannon Curry,West
103390,Austin Grant,International
103391,Christopher Barnes,Southeast
103392,James Silva,Northeast
103393,Kari Sandoval,West
103394,Eric Hall,Southeast
103395,John Robles,Southeast
103396,Howard Castillo,Northeast
103397,Brian Ibarra,West
103398,Donna Montes,Southeast
103399,Matthew Wilson,Northeast
103400,Francis Wilson,Northeast
103401,Michele Ayala,Southeast
103402,Dr. John Jenkins,Southwest
103403,Earl Romero,Southeast
103404,Rachel Brown,West
103405,Deborah Stewart,West
103406,Jeremy Ross,Southeast
103407,Debra Chandler,Southwest
103408,Robert Parker,West
103409,Kenneth Jackson,West
103410,Mario Gould,Northeast
103411,Erin Jacobs,Northeast
103412,Nathan Lang,International
103413,Michael Barr,Southwest
103414,Kristen Pena,International
103415,Heidi Gonzalez,International
103416,Joseph Heath,Northeast
103417,Robert Lozano,Southwest
103418,Daniel Quinn,Midwest
103419,Amanda Smith,Southwest
103420,Ashley Sanders,Northeast
103421,Mr. Eric Hall,Southeast
103422,Danielle Nelson,West
103423,Richard Rios,Southwest
103424,Patrick Nelson,West
103425,Benjamin Bowen,Southeast
103426,Jennifer Smith,Southeast
103427,Lisa Hernandez,International
103428,Rebecca Lee,Midwest
103429,Emily Morris,Midwest
103430,Allison Hill,West
103431,Dennis Douglas,Midwest
103432,Eddie Davis,West
103433,Kristina Webb,Midwest
103434,Kim Sanchez,Southwest
103435,Jonathan Long,International
103436,Joshua Rodriguez,International
103437,William Sanders,West
103438,Jacob Hart,Midwest
103439,Evelyn Pacheco,West
103440,Anna Jackson,Southwest
103441,Katherine Wright,West
103442,Luis Wells,West
103443,Lacey Hall,West
103444,Darlene Collins,West
103445,Chris Morris,West
103446,Jennifer Smith,Northeast
103447,Nicole Norton,Midwest
103448,Emily Pearson,West
103449,Michael Robertson,Northeast
103450,Wendy Miller,Southwest
103451,Michael Bennett,West
103452,Carla Goodman,Northeast
103453,Jeffrey Stanton,Southwest
103454,Jeff Jackson,West
103455,Katelyn Curry,West
103456,Jennifer Phillips,Midwest
103457,Edward Weeks,Southwest
103458,Kelly Gilbert,Midwest
103459,Matthew Thomas,West
103460,Christine Mendez,Northeast
103461,Kelly King,West
103462,Timothy Ho,West
103463,Sarah Taylor,West
103464,Sandra Smith,Midwest
103465,Chris Jones,Southwest
103466,Emily Lopez,West
103467,Kimberly Rivera,Southeast
103468,John Moore,International
103469,Justin Perez,West
103470,Tanya Hill,International
103471,Shawna Silva,International
103472,Marcus Powell,International
103473,Joshua Hopkins,West
103474,Christian Cross,West
103475,Dennis Garcia,Northeast
103476,Laurie Miranda,West
103477,Raymond Vargas,West
103478,Robert Savage,Midwest
103479,Kara Jackson,Southwest
103480,Virginia Davis,Ne
103481,Brianna Martin,Midwest
103482,Erica Huang,Midwest
103483,Jorge Gonzales,Midwest
103484,Erin Mason,Northeast
103485,Justin Bennett,Northeast
103486,John Collins,Southwest
103487,Kerry Ware,Midwest
103488,Tina Dougherty,Northeast
103489,Michelle Larsen,Northeast
103490,Katherine Mccormick,Midwest
103491,Kristin Graham,Northeast
103492,Alexander Diaz,West
103493,Michael Chandler,Southwest
103494,Justin Cuevas,Southeast
103495,Janet White,West
103496,Alexandra Ramos,Northeast
103497,Abigail Collins,Southeast
103498,Jacob King,Southwest
103499,Lisa Johnson,West
103500,John Williams,Southwest
103501,Dawn Garrett,Southeast
103502,Samantha Roy,Southeast
103503,Yolanda Chen,Midwest
103504,John Golden DDS,Midwest
103505,Amanda Johnson,International
103506,Brittany Fitzgerald,Northeast
103507,Bonnie Barnes,Southwest
103508,Amy Walsh,Southwest
103509,Brent Stephens,West
103510,Mrs. Lisa Smith,Southeast
103511,Sarah Stewart,Midwest
103512,Susan Matthews,Southeast
103513,Kelli Shepard,Southwest
103514,Ryan Caldwell,Midwest
103515,Roger Mason,International
103516,Angela Ramos,West
103517,Craig Wagner,Midwest
103518,Paul Massey,West
103519,Donald Bell,Midwest
103520,Keith Horton,International
103521,Julie Wilson,Northeast
103522,Nicholas Lopez,International
103523,Tracy Wang,Southwest
103524,Claudia Brooks,Southwest
103525,Nathaniel Wright,Midwest
103526,Maria Valenzuela,Southwest
103527,Peter Anderson,Southeast
103528,Michael Thompson,West
103529,Ethan Perez,Northeast
103530,Stephen Thompson,Southeast
103531,Michael Baker,Midwest
103532,Kenneth Bailey DDS,Southeast
103533,Mark Decker,Midwest
103534,Ruben Cruz,Southwest
103535,Christine Park,Southeast
103536,Robert Hogan,West
103537,Michael Gordon,Northeast
103538,Rebecca Davis,West
103539,Deanna Mcdonald,Southwest
103540,Brian Barrett,Midwest
103541,Charles Willis,West
103542,James Chapman,International
103543,Michael Soto,Southwest
103544,Aimee Fisher,Midwest
103545,Matthew Garcia,Midwest
103546,Elizabeth Owens,Southwest
103547,Alex Lamb,Southeast
103548,Kenneth Graham,Southwest
103549,Roy King,Southeast
103550,George Gregory,Southwest
103551,Wesley Rich,Northeast
103552,Stephanie Hunter,Northeast
103553,Raymond Finley,International
103554,Allen Hunt,Sw
103555,Stacie Sanford,Southwest
103556,Christina Compton,International
103557,Beverly Cook,Midwest
103558,Tracy Parker,Southeast
103559,Rebecca Ellis,Northeast
103560,Aaron Hernandez,Midwest
103561,Elizabeth Miller,Southeast
103562,Dalton Davis,International
103563,Michael Singleton,Northeast
103564,John Cooper,Northeast
103565,Michael Hale,Southeast
103566,Mary Guerra,Northeast
103567,Pamela Davis,Southeast
103568,Phillip Anderson,West
103569,Stephanie Weiss,Southeast
103570,Jessica Long,West
103571,John Yang,Southwest
103572,Connie Franklin,West
103573,Jackie Morgan,West
103574,Lisa Walton,Southeast
103575,Maria Taylor,Northeast
103576,Daniel Graham,Southeast
103577,Matthew Simmons,International
103578,James Nicholson,West
103579,Tyler Fisher,Southeast
103580,Michael Flowers,Midwest
103581,Bradley Parks,Southwest
103582,Scott Lara,West
103583,Francis Andrews,West
103584,Jesse Tucker,Southwest
103585,Jennifer Wise,West
103586,David Walters,West
103587,Rebekah Cole,Northeast
103588,John Rogers,Northeast
103589,Holly Floyd,International
103590,Ms. Janet Leonard,West
103591,George Villa,Midwest
103592,Christina Hess,West
103593,Jordan Williams,Northeast
103594,Bryan Burns,Southwest
103595,Stephen Parks,Northeast
103596,George Phillips,Southwest
103597,Kimberly White,West
103598,Alan Nguyen,Southeast
103599,Linda Howard,Northeast
103600,Parker Wright,Southwest
103601,Brandon Acosta,Northeast
103602,Jessica Hill,Northeast
103603,Melissa Sanchez,West
103604,Sandy Oconnor,Southeast
103605,Judy Jones,Midwest
103606,Charles Davila,Southeast
103607,Sonia Reyes,Southwest
103608,Mrs. Tammy Curry,Southeast
103609,Alex Clements,Northeast
103610,Matthew Andrade,Southeast
103611,Jessica Wilson,Northeast
103612,Dean Turner,Southeast
103613,Sarah Sanchez,Northeast
103614,Jacqueline Kennedy,Northeast
103615,Jessica Burgess,Midwest
103616,Destiny Powers,Southwest
103617,Susan Gregory,Northeast
103618,Jason Smith,Northeast
103619,Carlos Adams,International
103620,Vanessa Flores,Southwest
103621,Albert Nguyen,West
103622,Dwayne Joseph,Southeast
103623,Leah Walters,Midwest
103624,James Spears,Northeast
103625,Gilbert Reed,Northeast
103626,Joel Newton,Southeast
103627,Michael Chambers,West
103628,Andrew Phelps,Southeast
103629,Lynn Hoffman,West
103630,Daniel Mercer,Southeast
103631,Edgar Stewart,Southeast
103632,Alyssa Weber,Southwest
103633,Guy Reynolds,Southwest
103634,Allison Mcpherson DDS,Southeast
103635,David Morse Jr.,West
103636,Sarah Davis,Southeast
103637,Willie Duncan,Northeast
103638,Christopher Waters,West
103639,Jennifer Ortiz,Northeast
103640,Jennifer Greene,Midwest
103641,Jack Garcia,Midwest
103642,Toni Gill,Northeast
103643,Joseph Myers,Northeast
103644,Kathleen Marshall,Southeast
103645,Joanna Bradshaw,International
103646,Dylan Patel,West
103647,John Jackson,Midwest
103648,Janet Delgado,Northeast
103649,Jennifer Fields,West
103650,Brenda Harvey,Northeast
103651,Ms. Monique Dougherty MD,West
103652,Keith Kennedy,West
103653,Jacob Paul,Midwest
103654,Martha Arnold,Southeast
103655,Sarah Martin,Northeast
103656,Shaun Thompson,Northeast
103657,Tammy Morris,Midwest
103658,Steven Clark,Southwest
103659,David Morrison,Southeast
103660,Rebecca Kaufman DDS,West
103661,Larry Rivera,West
103662,Caitlin Ford,Northeast
103663,Adriana Johnson,Northeast
103664,Sharon Cowan,Southeast
103665,Andrea Butler,West
103666,Mike Martinez,Midwest
103667,Maria Ferguson,West
103668,John Barber,Southwest
103669,James Short,West
103670,Heidi Moran,International
103671,Marie Patterson,West
103672,Charles Baker,Southwest
103673,Nicole Rodriguez,Southwest
103674,Jason Morgan,West
103675,Rebecca Clark,Southwest
103676,Martin Jones,International
103677,Katherine Sanchez,Midwest
103678,Edward Wallace,West
103679,Melissa Carroll,Midwest
103680,Pam Hernandez,Southwest
103681,Daniel Wood,Midwest
103682,Eddie Duffy,Southwest
103683,Mark Alvarez,Southwest
103684,Edward Manning,International
103685,Bridget Carter,Southeast
103686,Mark Johnson,West
103687,Eric Silva,West
103688,Nathan Mcgee,International
103689,Jennifer Montgomery MD,International
103690,Christopher Farrell,West
103691,James Grimes,West
103692,Mr. Joseph Thompson,Northeast
103693,Alexis Arroyo,International
103694,Eric Walker,Southeast
103695,Richard Mccormick,West
103696,Heather Stevens,Southwest
103697,Susan Larsen,Midwest
103698,Rachel Warren,Northeast
103699,Dale Beck,Northeast
103700,Brett Rivera,Southwest
103701,Juan Nichols,Midwest
103702,Shelia Waller,Northeast
103703,Keith Wright,West
103704,Patrick Norris,Se
103705,Danielle Norris,Southwest
103706,Andrew Lynch,Southeast
103707,Anna Lee,Northeast
103708,Amy Leach,Northeast
103709,Amy Perez,Midwest
103710,Lauren Marshall,Midwest
103711,Rachael Flores,West
103712,Christina Wilson,Midwest
103713,Craig Daniels,Southeast
103714,John Hudson,Southeast
103715,Shannon Rodriguez,Southeast
103716,Paula Lee,International
103717,Lisa Bryant,Northeast
103718,Paul Guzman,International
103719,Christopher Hunter MD,Southeast
103720,Elizabeth Camacho,Northeast
103721,Donald Hoffman,Southeast
103722,Jeremiah Rowland,Northeast
103723,Katherine Flores,Southwest
103724,Julie Martin,Midwest
103725,Jeffrey Torres,Southeast
103726,Jessica Little,West
103727,Catherine Maxwell,West
103728,Cindy Shaw,International
103729,Joseph Garcia,International
103730,Leon Duncan,West
103731,Christopher Miranda,Southwest
103732,Sarah Bishop,Southwest
103733,Tyler Zavala,Midwest
103734,Rachel Chan,West
103735,Timothy Kennedy,Northeast
103736,Elizabeth Thomas,West
103737,Hector Mcgee,International
103738,Jeffery Long,Northeast
103739,Philip Powell,Southwest
103740,Heather Trujillo,International
103741,Pamela Smith,Southeast
103742,Christine Moran,Midwest
103743,James Morris,International
103744,Erika Castro,International
103745,Daniel Shaw,Northeast
103746,Ashley Sanchez,Southeast
103747,John Griffith,West
103748,Wesley Williams,Southeast
103749,Melissa Stout,Southeast
103750,Mr. Lawrence Brooks,Northeast
103751,Mark Hill,Northeast
103752,Thomas Rodriguez,West
103753,Paul Nguyen,West
103754,Jennifer Hernandez,West
103755,Edwin Gonzalez,Southwest
103756,David Armstrong,Midwest
103757,Debbie Schmidt,Southeast
103758,Alex Barton,Northeast
103759,Richard Dawson,Northeast
103760,Scott Stein,Southeast
103761,Stephen Lopez,Northeast
103762,Joel Cook,Northeast
103763,Michele Scott,Northeast
103764,Allison Wilson,West
103765,James Tucker,West
103766,Joseph Durham,International
103767,Alexis Kim,Southwest
103768,Jonathan Yates,West
103769,Katherine Andrews,Northeast
103770,Morgan Cunningham,West
103771,Phyllis Schmidt,Northeast
103772,Sarah Miller,Midwest
103773,Lisa Kaiser,Midwest
103774,Pamela Jordan,Midwest
103775,Jerry Gilmore,Southeast
103776,Marie Jones,West
103777,Gina Rose,Southwest
103778,Samantha Reynolds,West
103779,Kenneth Smith,West
103780,Alicia Perez,West
103781,David Walker,Northeast
103782,Erin Ellis,West
103783,Patricia Andrews,West
103784,Spencer Camacho,Southeast
103785,Raymond Harris,Southeast
103786,Alexander Guzman,International
103787,Penny Fernandez,West
103788,Erin Stewart,Midwest
103789,Daniel Turner,West
103790,Devin Mayer,Midwest
103791,Henry Taylor,Midwest
103792,Jessica Flowers,Southeast
103793,Jeremy Manning,Midwest
103794,Jamie Griffin,West
103795,Daniel James,Northeast
103796,Anna Thompson,Southwest
103797,Misty Martinez,Southeast
103798,Barbara Burns,West
103799,Nicole Stewart,West
103800,William Marsh,West
103801,David Rodriguez,West
103802,Adam Lara,International
103803,Scott Gomez,Midwest
103804,Sara Hamilton,West
103805,Elizabeth Key,West
103806,Mason Price,Southeast
103807,Trevor Hill,Southeast
103808,Erica Taylor,Midwest
103809,Justin Anderson,Southeast
103810,Michael Farmer,Southeast
103811,Robert Cline,Midwest
103812,Jacqueline Perry,West
103813,Christopher Mayer,Northeast
103814,Natalie Patrick,Southwest
103815,Shawn Rodriguez,Midwest
103816,Jonathan Torres,West
103817,Susan Baker,Northeast
103818,Richard Rivera,Midwest
103819,Amanda Wiggins,Northeast
103820,Amber Bennett,West
103821,Kelly Moore,Se
103822,Steven Davis,International
103823,Ashley Alvarez DVM,Southeast
103824,Kimberly Taylor,West
103825,Mallory Collins,Southeast
103826,Steven Anderson,West
103827,Holly Austin,Midwest
103828,Karen Goodman,Southeast
103829,Christina Robinson,Northeast
103830,Tom Perez,Northeast
103831,Brandon Powell,Northeast
103832,Ashley Perez,International
103833,Matthew Murphy,Midwest
103834,Mary Meyer,Northeast
103835,Sophia Wolf,International
103836,Javier Stanley,Northeast
103837,Taylor Johnson,Midwest
103838,Janice Williams,West
103839,Christopher Thomas,International
103840,Robert Martin,West
103841,Kenneth Webb,Midwest
103842,Mark Montoya,International
103843,Jodi Lewis,Northeast
103844,Kimberly Wilson,International
103845,Randy Bradshaw,Southwest
103846,Steven Scott,International
103847,Katherine Dunn,Southeast
103848,Mary Peterson,Northeast
103849,Amy Diaz,West
103850,Traci Martinez,Midwest
103851,Jim Rodriguez,Midwest
103852,Elizabeth Marks,International
103853,Jeffrey Joyce,West
103854,Sean Wagner,Southeast
103855,Todd Lutz,Midwest
103856,Ryan Walker,Northeast
103857,Nicholas Gomez,Northeast
103858,Brittany Heath,Northeast
103859,Rebecca Cox,Southwest
103860,Travis Schmidt,West
103861,Brett Martin,West
103862,Lisa Bridges,Southeast
103863,Brittany Dunlap,West
103864,Shannon Ramirez,Southwest
103865,Tiffany Phillips,Southwest
103866,Valerie English,West
103867,Chad Hurley,Southwest
103868,David Peters,Midwest
103869,Thomas Austin,Midwest
103870,Amy Jenkins,Southwest
103871,Rodney Duran,Midwest
103872,Tiffany Sanchez,Midwest
103873,Maria Myers,Southeast
103874,Ruben Jones,Midwest
103875,Desiree Stafford,West
103876,Patrick Blackburn,West
103877,Jeremy Chambers,Midwest
103878,Alexandra Wilson,Northeast
103879,Brian Fuller,Southwest
103880,Matthew Evans,Southeast
103881,Patrick Gibson,International
103882,William Lozano,Ne
103883,Dillon Travis,West
103884,Steven Rodriguez,West
103885,Kevin Walter,Southwest
103886,Rebecca Blake,Northeast
103887,Brian Bright,International
103888,Linda Cox,West
103889,Mary Copeland,West
103890,Jennifer Little,Midwest
103891,Diana Ramsey,Northeast
103892,David Romero,Midwest
103893,Russell Bird,Southeast
103894,Brian Shaffer,Southeast
103895,Jon Garza,West
103896,Ashley Norman,Midwest
103897,Kristina Monroe,Northeast
103898,Joseph Schaefer,Northeast
103899,Kyle Garza,Northeast
103900,Tiffany Johnston,Northeast
103901,Phillip Ward,West
103902,Stephanie Fisher,Northeast
103903,Patrick Reed,Southwest
103904,Sarah Berry,Northeast
103905,Teresa Li,Northeast
103906,Paula Caldwell,Southwest
103907,Keith Johnson,Southeast
103908,Annette Knapp,Midwest
103909,Monica Atkinson,International
103910,Robert Cooper,International
103911,Danielle Griffin,West
103912,Jimmy Ritter,Northeast
103913,Riley Clark,West
103914,Kimberly Morris,International
103915,Gregory Ochoa,International
103916,Shannon Cook,Northeast
103917,Natalie Huff,Midwest
103918,Ronald Garcia,Southeast
103919,Margaret Edwards,Northeast
103920,Cody Reyes III,West
103921,Heather Shaffer,Southeast
103922,Nicole Chung,Southeast
103923,Brian Perkins,Northeast
103924,Melody Castro,Midwest
103925,Kimberly Sanders,Northeast
103926,Christina Davis,Midwest
103927,Sherri Sullivan,Northeast
103928,Mike Patel,International
103929,Thomas Garcia,Northeast
103930,Robin Clay,Midwest
103931,Kelly Miller,Northeast
103932,Mrs. Amanda Kelley DDS,Northeast
103933,Johnny Whitaker,Northeast
103934,Mrs. Courtney Wong,Northeast
103935,Adam Sanchez,Northeast
103936,Logan Massey,Midwest
103937,Juan Carroll,West
103938,Ryan Carpenter,Northeast
103939,Stacy Werner,Midwest
103940,Michelle Holden,West
103941,Deborah Wood,Southeast
103942,Taylor Flores,Southeast
103943,Tyler Taylor,Northeast
103944,Victoria Wright,Southeast
103945,Betty Pollard,Midwest
103946,Katie Alvarez,International
103947,Robert Munoz,International
103948,Michelle Newman,International
103949,Victoria Marshall,Midwest
103950,Amy Montgomery,Northeast
103951,Jeffrey Benton Jr.,Southeast
103952,Kristin Brown,Southeast
103953,Sean Hernandez,Northeast
103954,Ana Higgins,Northeast
103955,Theresa Luna,Midwest
103956,Katherine Padilla,Southeast
103957,Victoria Lewis,Northeast
103958,Joshua Leonard,West
103959,Kelly Liu,Southeast
103960,Brianna Ryan,Southwest
103961,Emily Smith,Southeast
103962,Michelle Howard,West
103963,William Austin,Northeast
103964,Monica Oconnor,Midwest
103965,Kyle Blake,Northeast
103966,Christopher Banks,Northeast
103967,Bryan Davis DVM,West
103968,Tiffany Hughes,Southeast
103969,Michael Taylor,Northeast
103970,Brendan Kelly,International
103971,Sherry Porter,Northeast
103972,James Perez,West
103973,Miss Gina Walton,West
103974,Alicia Obrien,Southeast
103975,Mrs. Jacqueline Jackson,Midwest
103976,Kendra Smith,Northeast
103977,Alexander Stein,West
103978,Shannon Sosa,Southeast
103979,Marc White,Northeast
103980,Gregory Wiggins,Southeast
103981,Linda Berry,International
103982,Michelle Hobbs,Southwest
103983,Charles Fuentes,International
103984,Andrew Medina,West
103985,Teresa Aguirre,West
103986,Eddie Bailey,Midwest
103987,Joseph Mccullough,International
103988,Mr. Zachary Mora DVM,Midwest
103989,Kimberly Price,Southeast
103990,Bruce Spencer,West
103991,Jacob Allen,West
103992,Chelsea Powell,Northeast
103993,Thomas Morse,Midwest
103994,Susan Zimmerman,Southeast
103995,Annette Meyer,Southwest
103996,Erica Rose,Southeast
103997,Kim Long,Southwest
103998,Christina Flores,Midwest
103999,Craig Raymond,West
